step,layer_idx,dw_min,desired_bl,sto_round_update,update_bl_management,update_management,dw_zero_ratio,dw_1lsb_ratio,dw_absmean,min_nonzero_delta,dw_absmax,dw_q90,dw_q99,pulse_sat_ratio,bound_sat_ratio,grad_absmean,grad_deadzone_ratio,update_vs_grad_cosine,eff_lr_slope,BL_mean,BL_p99,BL_hit_ratio,pulse_under_frac,pulse_ok_frac,pulse_over_frac,is_transfer_step,dw_fast_zero_ratio,dw_fast_1lsb_ratio,dw_fast_absmean,dw_fast_vs_grad_cosine,dw_fast_eff_lr_slope,dw_slow_zero_ratio,dw_slow_1lsb_ratio,dw_slow_absmean,transfer_duty,transfer_spike,hidden_absmean,hidden_absmax,hidden_below1_ratio,hidden_trunc_nonzero_ratio,hidden_trunc_meanabs,buffer_above_thresh_ratio,transfer_efficiency,sign_mismatch_ratio,rel_update_error,BL_fp_mean,BL_fp_p99,BL_fp_hit_ratio,dw_p50,trace_every,seed
190.0,5.5,0.0005,31.0,0.0,0.0,0.0,0.9880038174715909,0.01019630597267316,4.2426862050979355e-06,0.00015873246792426625,0.0006063439905592059,0.0,0.000128890628941753,0.0,0.0,0.005722327709052132,0.11294357497970779,0.018548767062867823,7.107663944672393e-05,32.367023154254596,102.98173166250254,0.38814713118912336,0.006641470508658009,0.6167758429721321,0.37658268651920995,1.0,0.006314364346590909,0.010628572274080086,0.26349353244367474,0.22811703464928237,5.333143788161818,0.9880038174715909,0.00022775889475108225,3.336200604558321e-05,0.01199618252840909,1055507316.5239985,0.0,0.0,1.0,0.0,0.0,0.0,0.0001793030421325612,0.9926995611810064,158.04980966797942,0.014568642620400432,0.5632815670657467,0.0,0.0,5.0,0
190.0,5.5,0.0005,31.0,0.0,0.0,0.0,0.9880487351190477,0.010148217667748918,4.242251332442493e-06,0.00016333781176108145,0.0006091854285873189,0.0,0.000127792760135117,0.0,0.0,0.00556151043578471,0.11711246110660173,0.019404485080976183,8.780731151568205e-05,31.715760070008116,102.20733091015836,0.37952241443452384,0.006955365597943723,0.625026950588474,0.36801768381358224,1.0,0.006376192167207792,0.010496461546266234,0.26360156864245465,0.22442107607144327,5.3219871746098475,0.9880487351190477,0.00023092955221861472,3.337426145839093e-05,0.01195126488095238,1049394240.144623,0.0,0.0,1.0,0.0,0.0,0.0,0.00018911451382724783,0.9927497632575758,163.05372311215655,0.014499416599025974,0.5603891678186722,0.0,0.0,5.0,1
190.0,5.5,0.0005,31.0,0.0,0.0,0.0,0.9880096303436147,0.01013870569534632,4.2487018469930875e-06,0.00015871189391487638,0.0006095129429564677,0.0,0.00012867333888475987,0.0,0.0,0.005750189412622671,0.11598265016233766,0.020229118661010542,6.9808318231501e-05,32.8230730857684,108.56931301628872,0.38297895951704547,0.006724436045725108,0.6217664578260281,0.3715091061282468,1.0,0.00631542123241342,0.010492762445887446,0.26420445709218215,0.22196826973426795,5.233817357135517,0.9880096303436147,0.0002436121820887446,3.340916090615552e-05,0.011990369656385282,1052792694.8818032,0.0,0.0,1.0,0.0,0.0,0.0,0.00019123265311483758,0.9927101300392316,181.5077043741332,0.014590308779761904,0.5717367527288791,0.0,0.0,5.0,2
190.0,5.5,0.005,31.0,0.0,0.0,0.0,0.9880836123511905,0.0101756966991342,4.1636925246095485e-05,0.0015974201782054955,0.0060014961114709135,0.0,0.0012539996304909158,0.0,0.0,0.0033267575878844543,0.8542195109577922,0.01750386943036695,0.0012125590133015645,2.1850961131966993,6.713205081559879,0.002747374695616883,0.5401701163419913,0.4571903113162879,0.002639572341720779,1.0,0.01516314089556277,0.013874797077922078,0.1966801994755978,0.31087216924668576,11.084545701323767,0.9880836123511905,0.00023304332386363637,0.00032730625517926446,0.011916387648809524,10305544856.095509,0.0,0.0,1.0,0.0,0.0,0.0,0.003258162890565649,0.9928078919778138,311.1426278525583,0.014358850784632034,0.5631922932414265,0.0,0.0,5.0,0
190.0,5.5,0.005,31.0,0.0,0.0,0.0,0.988078327922078,0.010228012547348484,4.1576515755537e-05,0.001621925872676246,0.005990162905016098,0.0,0.0012484755680152886,0.0,0.0,0.0030819318214537804,0.8586705855992965,0.01868575864426721,0.0011516469288036517,1.9721912202380953,5.645671662830171,0.0003788935673701299,0.542089420995671,0.4575596929112554,0.00035088609307359306,1.0,0.014566528848755412,0.013682972301136364,0.19954713557146408,0.3109673037782344,11.218973630407293,0.988078327922078,0.00022458823728354978,0.00032663410138805286,0.011921672077922078,10241864784.485657,0.0,0.0,1.0,0.0,0.0,0.0,0.003353582129701713,0.9927587467870671,254.79566233129387,0.014326615767045454,0.5563984660359172,0.0,0.0,5.0,1
190.0,5.5,0.005,31.0,0.0,0.0,0.0,0.9880714581642316,0.010192606872294372,4.186688621766498e-05,0.001587690414626628,0.006025561406763444,0.0,0.0012534345936043567,0.0,0.0,0.0028414258931405687,0.875244140625,0.01815184201035085,0.0012391163309413721,1.842113412303842,5.0982875411128585,0.00018654034767316019,0.5626109730113636,0.43721464082792205,0.00017438616071428572,1.0,0.014994039163961038,0.013857886904761904,0.19759829647156626,0.3084692162074292,11.383831574108594,0.9880714581642316,0.00024731128246753244,0.0003285795987643196,0.011928541835768398,10285865189.461931,0.0,0.0,1.0,0.0,0.0,0.0,0.002887604105728843,0.9927830551609849,256.6325276126358,0.014380516943993506,0.5593421572730655,0.0,0.0,5.0,2
190.0,5.5,0.05,31.0,0.0,0.0,0.0,0.9884212873714827,0.010572557325487012,0.00035920587466137265,0.015057487017865639,0.05120509303955047,0.0,0.010855190882801222,0.0,0.0,0.001832781430048362,0.9994520047010281,0.012217607028697454,0.10534028932977538,1.0068227264272187,1.0841234875963879,5.284429112554113e-07,0.9945036652800324,0.005495806277056277,5.284429112554113e-07,1.0,0.07670930144074675,0.06565110507981602,0.0680297568893342,0.4229367812692753,9.556932640760996,0.9884212873714827,0.00024308373917748919,0.002823992649810661,0.011578712628517316,89453317543.23167,0.0,0.0,1.0,0.0,0.0,0.0,0.6384436291599064,0.9935942150297619,439902.09364331403,0.013090059354707792,0.533852482254887,0.0,0.0,5.0,0
190.0,5.5,0.05,31.0,0.0,0.0,0.0,0.9885100657805735,0.010474795386904762,0.0003570833355578035,0.015012384392195119,0.051772157633142926,0.0,0.010366028825859703,0.0,0.0,0.0012110801374667463,0.9998071183373918,0.009616346972838235,-0.18896366353449184,1.0015657763460497,1.016807391013934,0.0,0.9988876276718074,0.0011123723281926407,0.0,1.0,0.03402591061282467,0.07464678875811688,0.06435985597267106,0.4413962638009016,14.986952279302185,0.9885100657805735,0.0002578801406926407,0.002803303128246909,0.011489934219426406,85448054718.18942,0.0,0.0,1.0,0.0,0.0,0.0,0.23992790308348316,0.9937078302556818,214.60779312147633,0.013016077347132034,0.5185764527424074,0.0,0.0,5.0,1
190.0,5.5,0.05,31.0,0.0,0.0,0.0,0.9885195777529762,0.01046475497159091,0.0003589638777265507,0.015181162845566606,0.05157238764444455,0.0,0.010695153427940364,0.0,0.0,0.0015994128547830834,0.9996771213812229,0.010935326940353932,-0.00819222731379598,1.0020889348281927,1.0342154234518737,0.0,0.99828678808171,0.0017132119182900433,0.0,1.0,0.026940019615800864,0.056670217803030304,0.06453057907500717,0.48007480122670404,10.725134647937713,0.9885195777529762,0.00024202685335497835,0.0028180543874453167,0.01148042224702381,87859239258.32722,0.0,0.0,1.0,0.0,0.0,0.0,0.20237765679350184,0.9936650263798701,93147.54471224113,0.013021890219155844,0.5224238474131663,0.0,0.0,5.0,2
