step,epoch,loss,analog_lr,classifier_lr,ln_lr,f1,em,wall_time_s
20,1,5.600110,1.739130e-03,3.260870e-04,3.260870e-04,,,24.2
40,1,4.602609,3.478261e-03,6.521739e-04,6.521739e-04,,,43.1
60,1,4.226097,5.217391e-03,9.782609e-04,9.782609e-04,,,62.6
80,1,3.959860,6.956522e-03,1.304348e-03,1.304348e-03,,,83.2
100,1,3.652091,8.695652e-03,1.630435e-03,1.630435e-03,,,104.6
120,1,3.972735,1.043478e-02,1.956522e-03,1.956522e-03,,,127.8
140,1,2.995357,1.217391e-02,2.282609e-03,2.282609e-03,,,153.2
160,1,3.118395,1.391304e-02,2.608696e-03,2.608696e-03,,,179.7
180,1,2.733373,1.565217e-02,2.934783e-03,2.934783e-03,,,206.3
200,1,2.402809,1.596349e-02,2.993155e-03,2.993155e-03,,,232.7
220,1,2.797590,1.591786e-02,2.984598e-03,2.984598e-03,,,259.3
240,1,2.515322,1.587222e-02,2.976041e-03,2.976041e-03,,,286.0
260,1,2.180761,1.582658e-02,2.967484e-03,2.967484e-03,,,312.7
280,1,2.259433,1.578095e-02,2.958928e-03,2.958928e-03,,,339.3
300,1,2.227152,1.573531e-02,2.950371e-03,2.950371e-03,,,365.8
320,1,2.663403,1.568967e-02,2.941814e-03,2.941814e-03,,,392.7
340,1,2.246686,1.564404e-02,2.933257e-03,2.933257e-03,,,419.4
360,1,2.315944,1.559840e-02,2.924701e-03,2.924701e-03,,,445.9
380,1,2.483780,1.555277e-02,2.916144e-03,2.916144e-03,,,472.2
400,1,1.874326,1.550713e-02,2.907587e-03,2.907587e-03,,,498.2
420,1,1.778605,1.546149e-02,2.899030e-03,2.899030e-03,,,524.6
440,1,1.990879,1.541586e-02,2.890473e-03,2.890473e-03,,,550.7
460,1,1.809499,1.537022e-02,2.881917e-03,2.881917e-03,,,577.4
480,1,1.882084,1.532459e-02,2.873360e-03,2.873360e-03,,,603.3
500,1,1.877187,1.527895e-02,2.864803e-03,2.864803e-03,,,629.8
520,1,2.193376,1.523331e-02,2.856246e-03,2.856246e-03,,,655.9
540,1,1.956034,1.518768e-02,2.847690e-03,2.847690e-03,,,681.8
560,1,2.067277,1.514204e-02,2.839133e-03,2.839133e-03,,,707.1
580,1,2.098592,1.509641e-02,2.830576e-03,2.830576e-03,,,732.8
600,1,1.857077,1.505077e-02,2.822019e-03,2.822019e-03,,,758.7
620,1,1.735655,1.500513e-02,2.813463e-03,2.813463e-03,,,784.4
640,1,1.932727,1.495950e-02,2.804906e-03,2.804906e-03,,,810.1
660,1,1.816397,1.491386e-02,2.796349e-03,2.796349e-03,,,836.0
680,1,1.948859,1.486823e-02,2.787792e-03,2.787792e-03,,,861.6
700,1,1.666944,1.482259e-02,2.779236e-03,2.779236e-03,,,887.2
720,1,1.856477,1.477695e-02,2.770679e-03,2.770679e-03,,,912.8
740,1,1.654976,1.473132e-02,2.762122e-03,2.762122e-03,,,938.2
760,1,1.887217,1.468568e-02,2.753565e-03,2.753565e-03,,,963.4
780,1,1.963652,1.464005e-02,2.745009e-03,2.745009e-03,,,989.0
800,1,1.680226,1.459441e-02,2.736452e-03,2.736452e-03,,,1014.3
820,1,2.126774,1.454877e-02,2.727895e-03,2.727895e-03,,,1040.0
840,1,1.584198,1.450314e-02,2.719338e-03,2.719338e-03,,,1065.5
860,1,1.815968,1.445750e-02,2.710782e-03,2.710782e-03,,,1091.0
880,1,1.788404,1.441187e-02,2.702225e-03,2.702225e-03,,,1116.3
900,1,1.519356,1.436623e-02,2.693668e-03,2.693668e-03,,,1141.7
920,1,1.831774,1.432059e-02,2.685111e-03,2.685111e-03,,,1166.7
940,1,2.019923,1.427496e-02,2.676554e-03,2.676554e-03,,,1192.0
960,1,1.594701,1.422932e-02,2.667998e-03,2.667998e-03,,,1217.0
980,1,1.665847,1.418369e-02,2.659441e-03,2.659441e-03,,,1242.0
1000,1,1.735048,1.413805e-02,2.650884e-03,2.650884e-03,,,1267.2
1020,1,1.880412,1.409241e-02,2.642327e-03,2.642327e-03,,,1292.5
1040,1,1.917895,1.404678e-02,2.633771e-03,2.633771e-03,,,1317.5
1060,1,1.813768,1.400114e-02,2.625214e-03,2.625214e-03,,,1342.7
1080,1,1.914062,1.395550e-02,2.616657e-03,2.616657e-03,,,1368.0
1100,1,1.878875,1.390987e-02,2.608100e-03,2.608100e-03,,,1393.1
1120,1,2.145574,1.386423e-02,2.599544e-03,2.599544e-03,,,1417.9
1140,1,1.418018,1.381860e-02,2.590987e-03,2.590987e-03,,,1442.8
1160,1,1.667745,1.377296e-02,2.582430e-03,2.582430e-03,,,1468.3
1180,1,1.681415,1.372732e-02,2.573873e-03,2.573873e-03,,,1493.4
1200,1,1.996755,1.368169e-02,2.565317e-03,2.565317e-03,,,1518.7
1220,1,1.751743,1.363605e-02,2.556760e-03,2.556760e-03,,,1543.3
1240,1,2.007544,1.359042e-02,2.548203e-03,2.548203e-03,,,1568.4
1260,1,1.682832,1.354478e-02,2.539646e-03,2.539646e-03,,,1593.4
1280,1,1.194216,1.349914e-02,2.531090e-03,2.531090e-03,,,1618.6
1300,1,1.690055,1.345351e-02,2.522533e-03,2.522533e-03,,,1643.5
1320,1,1.080896,1.340787e-02,2.513976e-03,2.513976e-03,,,1668.2
1340,1,1.734248,1.336224e-02,2.505419e-03,2.505419e-03,,,1692.9
1360,1,1.522036,1.331660e-02,2.496863e-03,2.496863e-03,,,1717.9
1380,1,2.210882,1.327096e-02,2.488306e-03,2.488306e-03,,,1743.1
1400,1,1.747198,1.322533e-02,2.479749e-03,2.479749e-03,,,1768.2
1420,1,1.538553,1.317969e-02,2.471192e-03,2.471192e-03,,,1793.2
1440,1,2.108737,1.313406e-02,2.462635e-03,2.462635e-03,,,1818.5
1460,1,1.217673,1.308842e-02,2.454079e-03,2.454079e-03,,,1843.5
1480,1,2.056589,1.304278e-02,2.445522e-03,2.445522e-03,,,1868.5
1500,1,1.786666,1.299715e-02,2.436965e-03,2.436965e-03,,,1893.2
1520,1,1.450966,1.295151e-02,2.428408e-03,2.428408e-03,,,1918.2
1540,1,1.141004,1.290588e-02,2.419852e-03,2.419852e-03,,,1943.5
1560,1,1.594296,1.286024e-02,2.411295e-03,2.411295e-03,,,1968.4
1580,1,1.997988,1.281460e-02,2.402738e-03,2.402738e-03,,,1993.0
1600,1,1.926458,1.276897e-02,2.394181e-03,2.394181e-03,,,2017.8
1620,1,1.488636,1.272333e-02,2.385625e-03,2.385625e-03,,,2042.6
1640,1,1.818034,1.267770e-02,2.377068e-03,2.377068e-03,,,2067.4
1660,1,1.350374,1.263206e-02,2.368511e-03,2.368511e-03,,,2092.3
1680,1,1.639555,1.258642e-02,2.359954e-03,2.359954e-03,,,2117.1
1700,1,2.076645,1.254079e-02,2.351398e-03,2.351398e-03,,,2142.0
1720,1,1.950006,1.249515e-02,2.342841e-03,2.342841e-03,,,2167.2
1740,1,1.763269,1.244952e-02,2.334284e-03,2.334284e-03,,,2192.5
1760,1,1.918720,1.240388e-02,2.325727e-03,2.325727e-03,,,2217.7
1780,1,1.271515,1.235824e-02,2.317171e-03,2.317171e-03,,,2242.5
1800,1,1.259230,1.231261e-02,2.308614e-03,2.308614e-03,,,2267.6
1820,1,1.684296,1.226697e-02,2.300057e-03,2.300057e-03,,,2292.5
1840,1,1.647829,1.222133e-02,2.291500e-03,2.291500e-03,,,2317.7
1845,1,2.055627,1.220993e-02,2.289361e-03,2.289361e-03,76.38,65.63,2417.7
1860,2,1.360610,1.217570e-02,2.282944e-03,2.282944e-03,,,2436.3
1880,2,1.942816,1.213006e-02,2.274387e-03,2.274387e-03,,,2461.6
1900,2,1.834524,1.208443e-02,2.265830e-03,2.265830e-03,,,2486.5
1920,2,1.595038,1.203879e-02,2.257273e-03,2.257273e-03,,,2511.3
1940,2,1.570465,1.199315e-02,2.248716e-03,2.248716e-03,,,2536.0
1960,2,1.575387,1.194752e-02,2.240160e-03,2.240160e-03,,,2561.0
1980,2,1.312170,1.190188e-02,2.231603e-03,2.231603e-03,,,2585.6
2000,2,2.229610,1.185625e-02,2.223046e-03,2.223046e-03,,,2610.9
2020,2,1.383641,1.181061e-02,2.214489e-03,2.214489e-03,,,2635.8
2040,2,1.474974,1.176497e-02,2.205933e-03,2.205933e-03,,,2660.4
2060,2,1.705788,1.171934e-02,2.197376e-03,2.197376e-03,,,2685.5
2080,2,1.644242,1.167370e-02,2.188819e-03,2.188819e-03,,,2710.2
2100,2,2.345614,1.162807e-02,2.180262e-03,2.180262e-03,,,2735.0
2120,2,1.157752,1.158243e-02,2.171706e-03,2.171706e-03,,,2759.6
2140,2,2.015805,1.153679e-02,2.163149e-03,2.163149e-03,,,2784.5
2160,2,1.546649,1.149116e-02,2.154592e-03,2.154592e-03,,,2809.5
2180,2,2.128870,1.144552e-02,2.146035e-03,2.146035e-03,,,2834.4
2200,2,1.433303,1.139989e-02,2.137479e-03,2.137479e-03,,,2859.3
2220,2,1.424675,1.135425e-02,2.128922e-03,2.128922e-03,,,2884.2
2240,2,1.621653,1.130861e-02,2.120365e-03,2.120365e-03,,,2908.7
2260,2,1.600197,1.126298e-02,2.111808e-03,2.111808e-03,,,2933.7
2280,2,1.199679,1.121734e-02,2.103252e-03,2.103252e-03,,,2958.6
2300,2,1.358071,1.117171e-02,2.094695e-03,2.094695e-03,,,2983.2
2320,2,1.457275,1.112607e-02,2.086138e-03,2.086138e-03,,,3008.4
2340,2,1.616095,1.108043e-02,2.077581e-03,2.077581e-03,,,3033.6
2360,2,1.737951,1.103480e-02,2.069025e-03,2.069025e-03,,,3058.8
2380,2,1.783169,1.098916e-02,2.060468e-03,2.060468e-03,,,3083.5
2400,2,1.903215,1.094353e-02,2.051911e-03,2.051911e-03,,,3108.5
2420,2,1.322002,1.089789e-02,2.043354e-03,2.043354e-03,,,3133.2
2440,2,1.493978,1.085225e-02,2.034797e-03,2.034797e-03,,,3158.0
2460,2,1.628783,1.080662e-02,2.026241e-03,2.026241e-03,,,3183.3
2480,2,1.289910,1.076098e-02,2.017684e-03,2.017684e-03,,,3208.1
2500,2,1.651682,1.071535e-02,2.009127e-03,2.009127e-03,,,3232.7
2520,2,1.462424,1.066971e-02,2.000570e-03,2.000570e-03,,,3257.5
2540,2,1.415056,1.062407e-02,1.992014e-03,1.992014e-03,,,3282.7
2560,2,1.574841,1.057844e-02,1.983457e-03,1.983457e-03,,,3307.6
2580,2,1.128782,1.053280e-02,1.974900e-03,1.974900e-03,,,3332.7
2600,2,1.656795,1.048716e-02,1.966343e-03,1.966343e-03,,,3357.8
2620,2,1.475218,1.044153e-02,1.957787e-03,1.957787e-03,,,3383.0
2640,2,1.956865,1.039589e-02,1.949230e-03,1.949230e-03,,,3407.9
2660,2,1.185428,1.035026e-02,1.940673e-03,1.940673e-03,,,3432.7
2680,2,1.607184,1.030462e-02,1.932116e-03,1.932116e-03,,,3457.4
2700,2,1.292942,1.025898e-02,1.923560e-03,1.923560e-03,,,3481.9
2720,2,1.611896,1.021335e-02,1.915003e-03,1.915003e-03,,,3506.8
2740,2,1.550389,1.016771e-02,1.906446e-03,1.906446e-03,,,3531.5
2760,2,1.621653,1.012208e-02,1.897889e-03,1.897889e-03,,,3556.2
2780,2,1.824811,1.007644e-02,1.889333e-03,1.889333e-03,,,3581.0
2800,2,1.271306,1.003080e-02,1.880776e-03,1.880776e-03,,,3605.5
2820,2,1.461768,9.985168e-03,1.872219e-03,1.872219e-03,,,3630.2
2840,2,1.567893,9.939532e-03,1.863662e-03,1.863662e-03,,,3655.0
2860,2,1.836466,9.893896e-03,1.855106e-03,1.855106e-03,,,3679.6
2880,2,1.816721,9.848260e-03,1.846549e-03,1.846549e-03,,,3704.4
2900,2,1.577262,9.802624e-03,1.837992e-03,1.837992e-03,,,3729.1
2920,2,1.654025,9.756988e-03,1.829435e-03,1.829435e-03,,,3753.8
2940,2,1.293744,9.711352e-03,1.820878e-03,1.820878e-03,,,3778.6
2960,2,1.478883,9.665716e-03,1.812322e-03,1.812322e-03,,,3803.5
2980,2,1.889393,9.620080e-03,1.803765e-03,1.803765e-03,,,3828.1
3000,2,1.345160,9.574444e-03,1.795208e-03,1.795208e-03,,,3852.7
3020,2,1.427369,9.528808e-03,1.786651e-03,1.786651e-03,,,3877.5
3040,2,2.210568,9.483172e-03,1.778095e-03,1.778095e-03,,,3902.4
3060,2,1.935052,9.437536e-03,1.769538e-03,1.769538e-03,,,3927.4
3080,2,1.448381,9.391900e-03,1.760981e-03,1.760981e-03,,,3952.2
3100,2,1.002898,9.346264e-03,1.752424e-03,1.752424e-03,,,3976.6
3120,2,1.693257,9.300627e-03,1.743868e-03,1.743868e-03,,,4001.3
3140,2,1.618619,9.254991e-03,1.735311e-03,1.735311e-03,,,4026.2
3160,2,1.660475,9.209355e-03,1.726754e-03,1.726754e-03,,,4051.0
3180,2,1.911535,9.163719e-03,1.718197e-03,1.718197e-03,,,4075.6
3200,2,1.691526,9.118083e-03,1.709641e-03,1.709641e-03,,,4100.2
3220,2,1.857573,9.072447e-03,1.701084e-03,1.701084e-03,,,4125.1
3240,2,1.469255,9.026811e-03,1.692527e-03,1.692527e-03,,,4149.9
3260,2,1.633859,8.981175e-03,1.683970e-03,1.683970e-03,,,4174.9
3280,2,1.357743,8.935539e-03,1.675414e-03,1.675414e-03,,,4199.7
3300,2,1.394640,8.889903e-03,1.666857e-03,1.666857e-03,,,4224.4
3320,2,1.710449,8.844267e-03,1.658300e-03,1.658300e-03,,,4249.0
3340,2,1.328861,8.798631e-03,1.649743e-03,1.649743e-03,,,4273.9
3360,2,1.539511,8.752995e-03,1.641187e-03,1.641187e-03,,,4298.5
3380,2,1.314785,8.707359e-03,1.632630e-03,1.632630e-03,,,4323.2
3400,2,1.467984,8.661723e-03,1.624073e-03,1.624073e-03,,,4348.0
3420,2,1.673631,8.616087e-03,1.615516e-03,1.615516e-03,,,4372.4
3440,2,1.694062,8.570451e-03,1.606959e-03,1.606959e-03,,,4396.9
3460,2,1.604778,8.524815e-03,1.598403e-03,1.598403e-03,,,4422.0
3480,2,1.907189,8.479179e-03,1.589846e-03,1.589846e-03,,,4446.8
3500,2,1.611666,8.433542e-03,1.581289e-03,1.581289e-03,,,4471.7
3520,2,1.266309,8.387906e-03,1.572732e-03,1.572732e-03,,,4496.6
3540,2,1.447689,8.342270e-03,1.564176e-03,1.564176e-03,,,4521.6
3560,2,1.696086,8.296634e-03,1.555619e-03,1.555619e-03,,,4546.5
3580,2,1.170517,8.250998e-03,1.547062e-03,1.547062e-03,,,4571.2
3600,2,1.621318,8.205362e-03,1.538505e-03,1.538505e-03,,,4596.4
3620,2,1.795897,8.159726e-03,1.529949e-03,1.529949e-03,,,4621.3
3640,2,1.565812,8.114090e-03,1.521392e-03,1.521392e-03,,,4646.0
3660,2,1.551757,8.068454e-03,1.512835e-03,1.512835e-03,,,4671.0
3680,2,1.460788,8.022818e-03,1.504278e-03,1.504278e-03,,,4695.8
3690,2,1.559714,8.000000e-03,1.500000e-03,1.500000e-03,78.61,67.89,4802.0
