layer_idx,sublayer,dw_zero_ratio,dw_1lsb_ratio,dw_absmean,min_nonzero_delta,dw_absmax,dw_q90,dw_q99,pulse_sat_ratio,bound_sat_ratio,grad_absmean,grad_deadzone_ratio,update_vs_grad_cosine,eff_lr_slope,BL_mean,BL_p99,BL_hit_ratio,pulse_under_frac,pulse_ok_frac,pulse_over_frac,dw_fast_zero_ratio,dw_fast_1lsb_ratio,dw_fast_absmean,dw_slow_zero_ratio,dw_slow_1lsb_ratio,dw_slow_absmean,dw_fast_vs_grad_cosine,dw_fast_eff_lr_slope,hidden_absmean,hidden_absmax,hidden_below1_ratio,hidden_trunc_nonzero_ratio,hidden_trunc_meanabs,is_transfer_step,transfer_duty,transfer_spike,transfer_efficiency,buffer_above_thresh_ratio,is_transfer_scheduled,cols_updated_count,cols_updated_ratio,rows_updated_count,rows_updated_ratio,buffer_pre_nonzero_ratio,buffer_pre_absmean,buffer_post_nonzero_ratio,buffer_post_absmean,buffer_cleared_ratio,buffer_pre_above_gran_ratio,sign_mismatch_ratio,rel_update_error,BL_fp_mean,BL_fp_p99,BL_fp_hit_ratio,dw_p50,delta_L_pred,dw_fp_dot_dw_eff,cosine_slow_grad,cosine_slow_grad_nz,cosine_slow_fast,cosine_slow_fast_nz,trace_every
0,K,0.08712890625,0.69298828125,0.0003981795485015027,3.595111193135381e-05,0.0027844688924960792,0.0007315922289853915,0.0015314676507841795,0.0,0.0,0.0004984670531121083,0.99234375,0.13411272438243033,1.2969229220226408,1.0543359375,1.61780029296875,1.953125e-05,0.97533203125,0.0246484375,1.953125e-05,0.009453125,0.01984375,0.09242055313967285,0.08712890625,0.01314453125,0.0025315477629192173,0.0022010587693876006,34.446322526708244,0.0,0.0,1.0,0.0,0.0,1.0,0.91287109375,2.6040669518884134,0.22018503470008163,0.0,0.13,357.14,0.46502604166666667,351.05,0.45709635416666666,0.0,0.0,0.0,0.0,0.0,0.0,0.47419921875,9.981400094018085,1.2405078125,3.593603515625,0.0,0.00034817383682820944,-3.4383624023348605e-05,3.4383624023348603e-06,0.1396807132381946,0.14532735013402998,-0.001392412528330169,-0.0015327830817113864,1.0
0,O,0.0790234375,0.88271484375,0.0002406184806022793,2.119339071214199e-05,0.0018278541555628181,0.0004238978496869095,0.0008088838623370975,0.0,0.0,0.0013891691042226739,0.9651953125,0.11615469377022236,0.25253076291643084,1.47001953125,3.841201171875,0.001875,0.8108984375,0.18728515625,0.00181640625,0.00802734375,0.0191015625,0.10405766388343181,0.0790234375,0.01443359375,0.0025575813325122,0.04251966388488654,47.12590236566961,0.0,0.0,1.0,0.0,0.0,1.0,0.9209765625,2.57994496267403,0.07879959779445508,0.0,0.13,352.55,0.45904947916666666,358.01,0.46615885416666664,0.0,0.0,0.0,0.0,0.0,0.0,0.48427734375,14.429271319433782,0.98462890625,2.036700439453125,0.0,0.0002175163746869657,-4.0177444472533355e-05,4.017744447253335e-06,0.12714136706665158,0.1309625069703907,0.00691726031494909,0.007528834162512794,1.0
0,Q,0.0952734375,0.683984375,0.0003894085204228759,3.139436012133956e-05,0.0019406777352560312,0.0007166537147713825,0.0012928620353341103,0.0,0.0,0.0005721619291580283,0.99009765625,0.11945927569177002,0.9344142467156052,1.124453125,2.074500732421875,1.953125e-05,0.94451171875,0.05546875,1.953125e-05,0.009453125,0.0202734375,0.08131951901239517,0.0952734375,0.01564453125,0.0024933393904939295,0.02728985586378258,67.39389440774917,0.0,0.0,1.0,0.0,0.0,1.0,0.9047265625,2.6120648812117855,0.21411165422580883,0.0,0.13,347.23,0.45212239583333336,340.96,0.44395833333333334,0.0,0.0,0.0,0.0,0.0,0.0,0.48830078125,29.6436794348082,1.2169921875,3.05340087890625,0.0,0.00035411031160037965,-3.124384605115438e-05,3.124384605115438e-06,0.11663872018223628,0.12176314657204784,0.00017909918853547423,0.00013984193850774318,1.0
0,V,0.08544921875,0.88390625,0.00023736697665299288,1.889660954475403e-05,0.0008360840799286961,0.00042978587938705457,0.0006458374380599707,0.0,0.0,0.001284921457991004,0.9669921875,0.13729266470763832,0.2704549249698175,1.25251953125,3.4168017578125,0.0007421875,0.90076171875,0.09853515625,0.000703125,0.00890625,0.0214453125,0.0921578624623362,0.08544921875,0.01697265625,0.002538401922211051,0.07558099711081014,74.83699963599443,0.0,0.0,1.0,0.0,0.0,1.0,0.91455078125,2.729353313649765,0.10858226048990413,0.0,0.13,355.36,0.46270833333333333,343.99,0.44790364583333336,0.0,0.0,0.0,0.0,0.0,0.0,0.47603515625,17.971751040205152,0.966328125,2.0,0.0,0.00022393221195670776,-4.9096889325994654e-05,4.909688932599465e-06,0.13732645936775953,0.14159702366800048,0.004501527890679427,0.004880837440723553,1.0
1,K,0.099140625,0.69703125,0.00037272012006724255,3.2304369888151996e-05,0.0014964946091640741,0.0006824180384865031,0.0010580750164808706,0.0,0.0,0.0005596339780458947,0.9909375,0.11836606170982122,0.7860982832871377,1.09587890625,2.200101318359375,3.90625e-05,0.956484375,0.04349609375,1.953125e-05,0.00947265625,0.02869140625,0.0652939563574182,0.099140625,0.01568359375,0.0025004686531610787,0.032634756285697224,51.50937133312225,0.0,0.0,1.0,0.0,0.0,1.0,0.900859375,2.6080896455119453,0.20946800615091646,0.0,0.13,351.76,0.4580208333333334,359.05,0.46751302083333335,0.0,0.0,0.0,0.0,0.0,0.0,0.49236328125,19.77749734152435,1.17984375,2.761201171875,0.0,0.00035002770106075333,-2.9282936372965197e-05,2.9282936372965196e-06,0.11288376711308956,0.1179971688427031,-0.005238619153387845,-0.005394869262818247,1.0
1,O,0.08408203125,0.87384765625,0.00023551221922389233,1.8670904682949186e-05,0.0013146382849663497,0.0004286691365996376,0.0007849616603925825,0.0,0.0,0.001530255803372711,0.9559765625,0.10141185373184271,0.18428509399993345,1.51802734375,4.371302490234375,0.0019140625,0.79228515625,0.20591796875,0.001796875,0.0078125,0.0251953125,0.08653464039118262,0.08408203125,0.0152734375,0.0025382276438176633,0.018609081377508118,18.2670139278844,0.0,0.0,1.0,0.0,0.0,1.0,0.91591796875,2.648473338308861,0.07384697186265031,0.0,0.13,351.36,0.4575,351.16,0.45723958333333337,0.0,0.0,0.0,0.0,0.0,0.0,0.498671875,25.542185070270662,0.98005859375,2.01780029296875,0.0,0.0002116966356697958,-4.431334074865845e-05,4.431334074865845e-06,0.10601092503638938,0.10963634239626117,0.0027471353288274257,0.0030447256969637236,1.0
1,Q,0.1011328125,0.69935546875,0.0003707680184743367,3.073682077229023e-05,0.0015261054562870414,0.0006765934091527015,0.0010702413122635334,0.0,0.0,0.0006461159464379307,0.9871484375,0.09075295825721696,0.5578664989443496,1.14189453125,2.633502197265625,7.8125e-05,0.94400390625,0.05591796875,7.8125e-05,0.0093359375,0.02966796875,0.0623104979780328,0.1011328125,0.0134375,0.002487380634993315,0.03867586497857701,50.05667665302754,0.0,0.0,1.0,0.0,0.0,1.0,0.8988671875,2.6416081500978095,0.19650559025795503,0.0,0.13,350.43,0.4562890625,366.46,0.47716145833333334,0.0,0.0,0.0,0.0,0.0,0.0,0.502890625,29.885688131863922,1.173828125,2.775701904296875,0.0,0.0003491641953587532,-2.373595714297849e-05,2.3735957142978493e-06,0.09052974770311266,0.09572176119778306,0.006982926283326378,0.007141054169833297,1.0
1,V,0.08279296875,0.88974609375,0.00023475885158404707,2.0634583197534084e-05,0.0008758416376076639,0.0004207087605027482,0.000639680041349493,0.0,0.0,0.0014458414510590955,0.95736328125,0.121384753966704,0.20711454667150975,1.33908203125,5.0104052734375,0.0013671875,0.8684375,0.13029296875,0.00126953125,0.00833984375,0.025625,0.08406230287102517,0.08279296875,0.01501953125,0.0025458608788903802,0.026910604167496785,24.75242186307907,0.0,0.0,1.0,0.0,0.0,1.0,0.91720703125,2.66527934244114,0.09185255500361764,0.0,0.13,355.52,0.46291666666666664,363.09,0.4727734375,0.0,0.0,0.0,0.0,0.0,0.0,0.48158203125,18.856513957241415,0.96361328125,2.0,0.0,0.00022175316873472185,-5.378822103594416e-05,5.378822103594416e-06,0.1212789951803279,0.12562302280275617,0.011340176935191267,0.011848272389615886,1.0
2,K,0.10984375,0.65150390625,0.0004028502173605375,4.10631624981761e-05,0.0020338021474890413,0.0007665952772367746,0.0014029656315688044,0.0,0.0,0.00046946053014835343,0.99220703125,0.08747235406190157,0.8568075275421143,1.0879296875,2.17340087890625,3.90625e-05,0.95810546875,0.041875,1.953125e-05,0.00958984375,0.04357421875,0.05634491563818301,0.10984375,0.01158203125,0.002483655572868884,0.027383812896441668,44.62159413203597,0.0,0.0,1.0,0.0,0.0,1.0,0.89015625,2.58489678132272,0.2802602578107114,0.0,0.13,359.41,0.46798177083333337,339.03,0.4414453125,0.0,0.0,0.0,0.0,0.0,0.0,0.5107421875,20.835986665417796,1.2376171875,3.2468017578125,0.0,0.0003583434224128723,-1.894781206246421e-05,1.8947812062464208e-06,0.09388379250187427,0.0985996722150594,0.00797662721015513,0.008387436524499208,1.0
2,O,0.08068359375,0.8898046875,0.00023014781734673306,1.9891828997060658e-05,0.0009611818066332489,0.00041476410086033866,0.0006676335103111341,0.0,0.0,0.0018099738060845993,0.94345703125,0.08179066062206403,0.11466603428300004,1.50134765625,4.3868017578125,0.0023828125,0.81173828125,0.186015625,0.00224609375,0.00810546875,0.02625,0.08801232482277556,0.08068359375,0.01314453125,0.0025466160266660156,0.010986512006493285,15.474712880700826,0.0,0.0,1.0,0.0,0.0,1.0,0.91931640625,2.5824110649598992,0.08408493446446091,0.0,0.13,348.45,0.4537109375,352.36,0.45880208333333333,0.0,0.0,0.0,0.0,0.0,0.0,0.49955078125,30.690077886606588,0.9653125,2.0,0.0,0.00021387866712757386,-4.004240552291094e-05,4.004240552291094e-06,0.08421870933030733,0.08688898327032803,0.007698548113112338,0.008290114202827681,1.0
2,Q,0.11140625,0.66873046875,0.0003896274309954606,2.622042316943407e-05,0.00210668176645413,0.0007329536823090166,0.0013997647655196487,0.0,0.0,0.00048660347922123036,0.99251953125,0.0729796790855471,0.6732860314659774,1.086171875,2.090101318359375,1.953125e-05,0.9603125,0.03966796875,1.953125e-05,0.0094921875,0.04166015625,0.05426121853801305,0.11140625,0.01521484375,0.0024661490588914602,0.049496709675877354,68.80185017496348,0.0,0.0,1.0,0.0,0.0,1.0,0.88859375,2.6827180850533296,0.24513048787697272,0.0,0.13,344.73,0.4488671875,343.02,0.446640625,0.0,0.0,0.0,0.0,0.0,0.0,0.51294921875,25.870494347885955,1.20931640625,3.20340087890625,0.0,0.0003471595008159056,-1.5984173794336698e-05,1.5984173794336697e-06,0.08416130500845612,0.08880883273202926,0.0037672711629420518,0.004061815886525437,1.0
2,V,0.09126953125,0.88107421875,0.0002279991276736837,1.6358649590983988e-05,0.0008633878827095032,0.0004210586831322871,0.0006410094804596156,0.0,0.0,0.0019075579624040983,0.94572265625,0.08853221794124692,0.08353184257633985,1.42333984375,5.439102783203125,0.00126953125,0.8423828125,0.15640625,0.0012109375,0.0085546875,0.0423828125,0.06624320428993087,0.09126953125,0.01716796875,0.002524090111255646,0.09527074572528363,26.818335268869998,0.0,0.0,1.0,0.0,0.0,1.0,0.90873046875,2.709263898044178,0.09757766661409124,0.0,0.13,352.8,0.459375,349.5,0.455078125,0.0,0.0,0.0,0.0,0.0,0.0,0.498203125,20.047835860464335,0.9562890625,2.0,0.0,0.00021357110017561354,-7.187328040956232e-05,7.1873280409562314e-06,0.09255990564648528,0.09446578616159967,0.011014014018001035,0.011454938240349292,1.0
3,K,0.10501953125,0.70220703125,0.0003641545111895539,2.767216763459146e-05,0.0014803099515847862,0.0006724746397230774,0.0010682859382359312,0.0,0.0,0.0004936263640774996,0.9933984375,0.10657736334949731,0.7869738570228219,1.06431640625,1.726700439453125,5.859375e-05,0.97390625,0.0260546875,3.90625e-05,0.009609375,0.04291015625,0.05555060241487809,0.10501953125,0.01275390625,0.002491829397622496,0.026880367148587537,41.460636513846985,0.0,0.0,1.0,0.0,0.0,1.0,0.89498046875,2.690533554286785,0.298694077696611,0.0,0.13,345.1,0.4493489583333334,355.51,0.4629036458333334,0.0,0.0,0.0,0.0,0.0,0.0,0.50482421875,15.430817122617594,1.1615625,2.835701904296875,0.0,0.00033871425170218573,-2.1250754366519685e-05,2.1250754366519685e-06,0.10532790938392282,0.11116191350854933,0.004245210238732398,0.004118553982116282,1.0
3,O,0.0851953125,0.876640625,0.00023661083847400732,1.696783729130402e-05,0.0009840971976518632,0.00043572843627771364,0.0007016078464221209,0.0,0.0,0.0021622558686067352,0.9319140625,0.07032287243928295,0.08859140987449791,1.56607421875,4.057901611328125,0.00322265625,0.82236328125,0.17458984375,0.003046875,0.00830078125,0.03685546875,0.08813741138699697,0.0851953125,0.016640625,0.0025320385640952734,0.023201857507228852,16.336921337246896,0.0,0.0,1.0,0.0,0.0,1.0,0.9148046875,2.67086673099399,0.08351219509876458,0.0,0.13,347.61,0.4526171875,337.99,0.44009114583333336,0.0,0.0,0.0,0.0,0.0,0.0,0.50541015625,48.193577221336206,0.974609375,2.0,0.0,0.00021869077478186227,-4.8595608765822364e-05,4.859560876582236e-06,0.07707834824803285,0.07995256482274271,0.004899810338101816,0.00501687527197646,1.0
3,Q,0.10595703125,0.71451171875,0.0003541278641205281,2.2674016654491425e-05,0.0015081447549164296,0.0006542195490328595,0.0010344622452976183,0.0,0.0,0.0005655325206316775,0.99080078125,0.07191674510831944,0.3888736691110535,1.0919140625,1.85340087890625,3.90625e-05,0.96716796875,0.0328125,1.953125e-05,0.00951171875,0.0346875,0.05987269037614169,0.10595703125,0.01509765625,0.0024827534146606924,0.018137714292388408,30.7990127658844,0.0,0.0,1.0,0.0,0.0,1.0,0.89404296875,2.7122747427708367,0.22563350359166973,0.0,0.13,341.41,0.44454427083333337,346.49,0.4511588541666666,0.0,0.0,0.0,0.0,0.0,0.0,0.50904296875,97.21376936425213,1.14060546875,2.74240234375,0.0,0.00033148428978165614,-2.1181077715226594e-05,2.118107771522659e-06,0.07026509149523917,0.07400632226344897,0.003466560081578791,0.0038095300726126878,1.0
3,V,0.086796875,0.86021484375,0.0002666751066863071,2.3354897275567056e-05,0.0009352261433377862,0.00047630575660150497,0.0007207853876752779,0.0,0.0,0.0018242848766385578,0.95259765625,0.0996819143742323,0.12233861832879483,1.35419921875,4.09240234375,0.0014453125,0.86498046875,0.13361328125,0.00140625,0.0087109375,0.03298828125,0.08251375811407342,0.086796875,0.0151171875,0.0025363946566358208,0.08857632778584958,45.458685661554334,0.0,0.0,1.0,0.0,0.0,1.0,0.913203125,2.6311224815912935,0.09522955323858115,0.0,0.13,349.39,0.45493489583333335,355.99,0.46352864583333336,0.0,0.0,0.0,0.0,0.0,0.0,0.4873828125,14.669061139582269,0.99591796875,2.0,0.0,0.00025395456003025175,-9.106570644803468e-05,9.106570644803468e-06,0.10002932329662144,0.10251548931002617,0.002698553617228754,0.0031227353363647127,1.0
4,K,0.111484375,0.71775390625,0.00034281577944057063,2.2712536156177522e-05,0.0014104074821807444,0.0006413370865629986,0.0009996512095676736,0.0,0.0,0.0005727176803702605,0.9911328125,0.09565934553742408,0.6032638161256909,1.099921875,1.860101318359375,0.00029296875,0.97375,0.026015625,0.000234375,0.00953125,0.051484375,0.047837504414492284,0.111484375,0.01892578125,0.0024567392212338744,0.006388950913678855,16.706190811395643,0.0,0.0,1.0,0.0,0.0,1.0,0.888515625,2.768840877253705,0.21449830593971053,0.0,0.13,344.31,0.4483203125,336.6,0.43828125,0.0,0.0,0.0,0.0,0.0,0.0,0.51623046875,17.13946390485271,1.12052734375,2.429102783203125,0.0,0.0003222453704802319,-2.2849183414308526e-05,2.284918341430853e-06,0.09323057106463238,0.09794303452945315,0.011405695561218182,0.01199864851339953,1.0
4,O,0.07205078125,0.86384765625,0.000271117981756106,2.1149199455976485e-05,0.0010282091749832035,0.0004931919692899101,0.0007690146606182679,0.0,0.0,0.002172663471719716,0.9301953125,0.07644219108387915,0.11199764987462914,1.705859375,5.008104248046875,0.0041015625,0.7675390625,0.22849609375,0.00396484375,0.0090625,0.02947265625,0.10463973574282136,0.07205078125,0.016796875,0.002568834003759548,0.03789527536602691,30.312764459848403,0.0,0.0,1.0,0.0,0.0,1.0,0.92794921875,2.6607974464839557,0.09548043550819035,0.0,0.13,350.01,0.4557421875,356.79,0.4645703125,0.0,0.0,0.0,0.0,0.0,0.0,0.49515625,389.61413206002703,1.024921875,2.0,0.0,0.00025095175340538844,-3.897908434780106e-05,3.897908434780107e-06,0.07899637623428134,0.08084132046802552,0.005778511833850644,0.006179588036393398,1.0
4,Q,0.10490234375,0.71630859375,0.0003534667895291932,2.3640766739845278e-05,0.0013781323516741395,0.0006466213532257825,0.0009954696003114806,0.0,0.0,0.0007175416933023371,0.988203125,0.06944611999439075,0.35070040593855084,1.1671875,2.54580322265625,0.0009765625,0.96208984375,0.03701171875,0.0008984375,0.00931640625,0.04068359375,0.0577482044637145,0.10490234375,0.01626953125,0.0024782819591928273,0.013797039105556906,15.440112245082855,0.0,0.0,1.0,0.0,0.0,1.0,0.89509765625,2.6859546115257285,0.18111899023200717,0.0,0.13,342.21,0.4455859375,337.43,0.43936197916666664,0.0,0.0,0.0,0.0,0.0,0.0,0.5146875,46.02659341851472,1.139296875,2.403502197265625,0.0,0.00033521405595820396,-1.780328979918977e-05,1.780328979918977e-06,0.06897354788525263,0.07172834070952376,0.003288094631279819,0.0033904798736330123,1.0
4,V,0.0763671875,0.83798828125,0.00029498982010409233,2.5141534861177208e-05,0.001025638950522989,0.0005284066579770297,0.0007878064294345677,0.0,0.0,0.001770150656811893,0.9512890625,0.11540467891376466,0.17553210005164147,1.5040234375,3.74900146484375,0.00251953125,0.79083984375,0.206796875,0.00236328125,0.00916015625,0.03642578125,0.08865149663761258,0.0763671875,0.01576171875,0.0025620954495389012,0.032053139091003685,24.922790028899907,0.0,0.0,1.0,0.0,0.0,1.0,0.9236328125,2.655859092000398,0.1309612903248646,0.0,0.13,353.41,0.46016927083333337,346.32,0.4509375,0.0,0.0,0.0,0.0,0.0,0.0,0.4826953125,17.212850987540318,1.0481640625,2.0,0.0,0.0002781306588440202,-0.00010251543198336321,1.0251543198336321e-05,0.11535883030621336,0.11814723253482953,0.0059472907322924585,0.006234947534685489,1.0
5,K,0.11462890625,0.709140625,0.000350410234532319,2.941567450761795e-05,0.0013564764673355968,0.0006474675104254857,0.0010077287442982197,0.0,0.0,0.0006108867553120945,0.99083984375,0.09913083490208009,0.6391757642927405,1.10224609375,1.95340087890625,0.00044921875,0.96775390625,0.0318359375,0.00041015625,0.009375,0.04666015625,0.05233224085241091,0.11462890625,0.0147265625,0.002435899982228875,0.015717009648215027,28.382037180662156,0.0,0.0,1.0,0.0,0.0,1.0,0.88537109375,2.6930542310569865,0.20611570786328992,0.0,0.13,339.07,0.44149739583333336,342.9,0.446484375,0.0,0.0,0.0,0.0,0.0,0.0,0.5139453125,464.47421363498916,1.12720703125,2.515701904296875,0.0,0.000331455543928314,-2.9107039425113613e-05,2.910703942511361e-06,0.09649696774024051,0.10157441001269035,0.0013962228331365623,0.0014155775957624427,1.0
5,O,0.06814453125,0.8654296875,0.00027770782835432326,1.9286004826426505e-05,0.001080800760537386,0.000495338426262606,0.0007808571006171405,0.0,0.0,0.0024807613334269264,0.912109375,0.06869938974792604,0.10178187034267466,1.94740234375,5.67020263671875,0.00548828125,0.7003515625,0.29427734375,0.00537109375,0.00927734375,0.02740234375,0.11019106869178358,0.06814453125,0.0152734375,0.0025964354164898394,0.040042983847524735,30.0223036955297,0.0,0.0,1.0,0.0,0.0,1.0,0.93185546875,2.658686742088039,0.08726514594384215,0.0,0.13,362.21,0.47162760416666666,342.97,0.44657552083333335,0.0,0.0,0.0,0.0,0.0,0.0,0.49771484375,57.20722139700069,1.0314453125,2.0,0.0,0.0002584049996221438,-2.0550661430718266e-05,2.0550661430718264e-06,0.06974803014425561,0.07151019681245088,0.002977830341551453,0.0033431753620970996,1.0
5,Q,0.104296875,0.717109375,0.00035543698584660887,2.8037098236382007e-05,0.0014638234686572104,0.0006526687869336457,0.0010259207431226969,0.0,0.0,0.0007614898000610993,0.9880078125,0.046067451382405124,0.3058312630094588,1.204140625,2.89460205078125,0.00140625,0.9528515625,0.04578125,0.0013671875,0.00935546875,0.041875,0.05621844348235754,0.104296875,0.01416015625,0.002483680882724002,-0.011351079094001761,-5.030766477771103,0.0,0.0,1.0,0.0,0.0,1.0,0.895703125,2.660894492122898,0.19915793690195915,0.0,0.13,338.35,0.4405598958333334,348.38,0.45361979166666666,0.0,0.0,0.0,0.0,0.0,0.0,0.521953125,82.19483107518043,1.14443359375,2.593502197265625,0.0,0.0003353377731400542,6.553762091243697e-07,-6.553762091243698e-08,0.04600982026429847,0.04821240833145566,0.011614589801465626,0.01203248581790831,1.0
5,V,0.08146484375,0.83173828125,0.0002974669479590375,3.339105849590851e-05,0.001050448635360226,0.0005305949319154024,0.0007982385891955345,0.0,0.0,0.0018987942195963115,0.94146484375,0.11695429656538181,0.201582310826052,1.53271484375,3.712301025390625,0.0021484375,0.7550390625,0.24287109375,0.00208984375,0.0088671875,0.0367578125,0.08955908775271382,0.08146484375,0.01310546875,0.002536210939288139,-0.002252449879888445,6.036542662084103,0.0,0.0,1.0,0.0,0.0,1.0,0.91853515625,2.5429173049453984,0.10558307031261428,0.0,0.13,355.39,0.46274739583333335,354.02,0.46096354166666664,0.0,0.0,0.0,0.0,0.0,0.0,0.4855078125,40.35729049489385,1.04833984375,2.0,0.0,0.0002818765229312703,-9.535854119491205e-05,9.535854119491204e-06,0.1213014834781643,0.1253237860777881,0.0066622965835267675,0.006921801441058051,1.0
6,K,0.11009765625,0.70330078125,0.0003576648308080621,4.364759661257267e-05,0.0013499589881394059,0.0006549774832092226,0.0009891555778449401,0.0,0.0,0.0004926411570340861,0.99310546875,0.0996357002062723,0.7269022263586521,1.08833984375,1.9768017578125,0.00029296875,0.97025390625,0.0294921875,0.00025390625,0.009765625,0.0596484375,0.047186775624577425,0.11009765625,0.0123828125,0.0024654524307698013,0.0082035133196041,11.05662878394127,0.0,0.0,1.0,0.0,0.0,1.0,0.88990234375,2.648154094006638,0.2165850370004039,0.0,0.13,343.89,0.4477734375,334.24,0.43520833333333336,0.0,0.0,0.0,0.0,0.0,0.0,0.5148828125,17.027084926074437,1.1432421875,2.45460205078125,0.0,0.0003406391711905599,-2.5537823125887372e-05,2.5537823125887372e-06,0.09792184876307147,0.10269066976441536,0.003553558883868391,0.0038996556261554362,1.0
6,O,0.0593359375,0.88064453125,0.0002755927089310717,1.6014743596315385e-05,0.000986646298551932,0.000487008371273987,0.0007382018881617113,0.0,0.0,0.0020412270457018165,0.93029296875,0.06818269970593974,0.11487879083259031,1.68529296875,4.633603515625,0.004375,0.7754296875,0.220234375,0.0043359375,0.00935546875,0.02212890625,0.12110655231401324,0.0593359375,0.01560546875,0.0026192396425176413,0.011834148016496328,12.481548416018486,0.0,0.0,1.0,0.0,0.0,1.0,0.9406640625,2.591684040868154,0.08142208050204809,0.0,0.13,351.88,0.45817708333333335,363.65,0.4735026041666666,0.0,0.0,0.0,0.0,0.0,0.0,0.4978125,48.42673985161638,1.03240234375,2.0,0.0,0.00025759322510566563,-1.1666172134994213e-05,1.1666172134994213e-06,0.06836247673374601,0.07024255071999505,0.0020876585305086336,0.00238151060853852,1.0
6,Q,0.10517578125,0.7220703125,0.00034990405663847923,3.7804232561029495e-05,0.0012610832834616303,0.0006381722254445776,0.0009433747740695254,0.0,0.0,0.0005604119472627645,0.9909765625,0.026453114643663865,0.15304772229399533,1.11447265625,2.370101318359375,0.00044921875,0.9646484375,0.03490234375,0.00044921875,0.0096484375,0.055390625,0.04615547050183522,0.10517578125,0.01318359375,0.0024868054734542965,0.025148347872309386,29.11158566057682,0.0,0.0,1.0,0.0,0.0,1.0,0.89482421875,2.642511108619883,0.22825899270894529,0.0,0.13,350.08,0.45583333333333337,336.97,0.43876302083333335,0.0,0.0,0.0,0.0,0.0,0.0,0.52927734375,111.14558595513097,1.13189453125,2.1868017578125,0.0,0.00033467416738858447,1.8279925496855754e-06,-1.8279925496855752e-07,0.029655446223914625,0.03159086805768311,0.006526693301129854,0.006952825133921579,1.0
6,V,0.077109375,0.853125,0.0002778749587014318,2.2669099853374063e-05,0.0010145917651243508,0.0005044740249286406,0.00076295516861137,0.0,0.0,0.0021708829078124835,0.926328125,0.10597327575087548,0.11278046905994416,1.74705078125,4.48460205078125,0.004140625,0.72181640625,0.274140625,0.00404296875,0.00892578125,0.04037109375,0.0897693878505379,0.077109375,0.01826171875,0.002547959154471755,0.029859542013145984,13.491102028489113,0.0,0.0,1.0,0.0,0.0,1.0,0.922890625,2.7071718307942856,0.1057263208749278,0.0,0.13,356.34,0.463984375,358.37,0.46662760416666665,0.0,0.0,0.0,0.0,0.0,0.0,0.481328125,13.067071461343739,1.02830078125,2.0,0.0,0.0002599766419734806,-9.479623686843297e-05,9.479623686843297e-06,0.1045867409685161,0.1077505974820815,0.010905739663285204,0.01131502929609269,1.0
7,K,0.110703125,0.7065234375,0.0003565443167462945,2.1049820934422313e-05,0.0015160774253308773,0.0006592313345754519,0.0010461900511290877,0.0,0.0,0.0004257624457386555,0.99603515625,0.09262287657475099,0.6419725683890283,1.04435546875,1.5056005859375,0.0,0.9786328125,0.0213671875,0.0,0.01013671875,0.05615234375,0.04717388491721067,0.110703125,0.0159765625,0.002467056263703853,0.026876297739800065,36.345124090909955,0.0,0.0,1.0,0.0,0.0,1.0,0.889296875,2.709732845828684,0.2809060435729255,0.0,0.13,356.7,0.464453125,342.81,0.4463671875,0.0,0.0,0.0,0.0,0.0,0.0,0.513203125,22.037636024729963,1.141171875,2.711302490234375,0.0,0.00033483826962765306,-1.9049281070770974e-05,1.9049281070770973e-06,0.091972938781837,0.09665262412745505,0.011242744359187783,0.011892400567885488,1.0
7,O,0.0488671875,0.89513671875,0.0002742548967944458,1.8482175655663013e-05,0.0009577920008450746,0.00048174761788686736,0.0007214742316864431,0.0,0.0,0.001832703576073982,0.937109375,0.03443995682930108,0.05577989039127715,1.5100390625,3.900101318359375,0.0030078125,0.80625,0.19083984375,0.00291015625,0.0119921875,0.02001953125,0.1394000595288526,0.0488671875,0.01595703125,0.002622215470764786,0.016877253515995106,18.652647696733474,0.0,0.0,1.0,0.0,0.0,1.0,0.9511328125,2.5748084474451303,0.11256257378716723,0.0,0.13,359.15,0.4676432291666666,360.02,0.46877604166666664,0.0,0.0,0.0,0.0,0.0,0.0,0.50615234375,63.965652159376596,1.0384375,2.0,0.0,0.000254747825965751,-2.400777523803299e-06,2.4007775238032993e-07,0.033495696370955556,0.034251379664056,0.01108491204387974,0.011387421555118635,1.0
7,Q,0.0940625,0.73453125,0.00035049325437285005,3.2243002206087116e-05,0.001252169095678255,0.0006352613121271134,0.0009419004409573972,0.0,0.0,0.000505970907615847,0.99345703125,0.023534490377642214,0.2104243535734713,1.0812109375,2.121201171875,0.000234375,0.96986328125,0.02990234375,0.000234375,0.01017578125,0.0507421875,0.05326083965141151,0.0940625,0.0155078125,0.002509040867444128,-0.022522429436212407,-35.49181457668543,0.0,0.0,1.0,0.0,0.0,1.0,0.9059375,2.6818622566769776,0.27349421755530917,0.0,0.13,337.38,0.439296875,351.42,0.457578125,0.0,0.0,0.0,0.0,0.0,0.0,0.52130859375,33.0528662532908,1.1401171875,2.151201171875,0.0,0.0003334174805786461,-1.2473943719726322e-06,1.2473943719726321e-07,0.025322257231455297,0.02682668459136039,0.003223705861310009,0.003363839103258215,1.0
7,V,0.07748046875,0.86392578125,0.00027348818475729785,2.4241809733211994e-05,0.0009504994156304746,0.000488627998274751,0.0007248859130777419,0.0,0.0,0.001927802815916948,0.93041015625,0.11297792289871722,0.14439426200464367,1.537265625,3.8068017578125,0.00248046875,0.770390625,0.22724609375,0.00236328125,0.00951171875,0.0418359375,0.09253843832324492,0.07748046875,0.01388671875,0.002558327845763415,0.033102399909403175,24.53104097366333,0.0,0.0,1.0,0.0,0.0,1.0,0.92251953125,2.6203236032342856,0.1253035672300528,0.0,0.13,365.75,0.47623697916666663,357.98,0.4661197916666666,0.0,0.0,0.0,0.0,0.0,0.0,0.4852734375,14.297878345725348,1.0152734375,2.0,0.0,0.00025758044794201853,-7.341156218103606e-05,7.341156218103606e-06,0.11704811757430435,0.1210334687680006,0.004097671352210455,0.004284285841858946,1.0
8,K,0.11345703125,0.6904296875,0.0003648012099438347,3.979355562478304e-05,0.0015663191489875316,0.0006700233882293105,0.0010576842114096508,0.0,0.0,0.0005380809154303279,0.99244140625,0.08161407808831428,0.48845223704120144,1.04734375,1.65340087890625,3.90625e-05,0.98158203125,0.01837890625,3.90625e-05,0.0094140625,0.0553125,0.05003685478703119,0.11345703125,0.01318359375,0.002442798581905663,0.03812354743946344,27.837881602346897,0.0,0.0,1.0,0.0,0.0,1.0,0.88654296875,2.604364589689583,0.2001188751816563,0.0,0.13,337.2,0.4390625,341.72,0.44494791666666667,0.0,0.0,0.0,0.0,0.0,0.0,0.51080078125,50.62008732209718,1.15529296875,2.73240234375,0.0,0.0003456413254025392,-2.4071191027275064e-05,2.4071191027275063e-06,0.08563712924486026,0.08881325616355752,0.0066361036209855225,0.006962071189773269,1.0
8,O,0.04103515625,0.8949609375,0.00028501997920102437,3.0325131956487893e-05,0.001673068688251078,0.0004928973890491761,0.0007705744402483106,0.0,0.0,0.0023441823868779466,0.9046484375,0.016019295752048492,0.03180634452146478,1.41158203125,3.69020263671875,0.0004296875,0.784921875,0.21466796875,0.00041015625,0.01935546875,0.01900390625,0.16149256263655842,0.04103515625,0.0137109375,0.002645962699316442,0.011520558004267514,10.556187805533408,0.0,0.0,1.0,0.0,0.0,1.0,0.95896484375,2.626287877444128,0.09778767874882416,0.0,0.13,350.93,0.45694010416666664,367.61,0.47865885416666665,0.0,0.0,0.0,0.0,0.0,0.0,0.51142578125,103.72754041692573,1.0601953125,2.0,0.0,0.0002616454794770107,3.067185431859798e-06,-3.067185431859798e-07,0.015440077966777608,0.01595137088210322,0.007713174460914161,0.008100672647378815,1.0
8,Q,0.09326171875,0.7199609375,0.0003624539793236181,3.872981062158942e-05,0.00136210328200832,0.000650008738739416,0.0009803072153590619,0.0,0.0,0.0006547999261965743,0.98869140625,0.0232512320112437,0.13870400487445295,1.11603515625,2.640101318359375,0.00033203125,0.95171875,0.04798828125,0.00029296875,0.00966796875,0.0507421875,0.04957605195202632,0.09326171875,0.01369140625,0.002512438271660358,0.004454094431130215,-4.017154552936554,0.0,0.0,1.0,0.0,0.0,1.0,0.90673828125,2.619145083087572,0.1654452291829496,0.0,0.13,354.69,0.4618359375,345.28,0.44958333333333333,0.0,0.0,0.0,0.0,0.0,0.0,0.5250390625,51.58267387447447,1.1615234375,2.34460205078125,0.0,0.0003457429268746637,-2.905942004360895e-07,2.9059420043608953e-08,0.02351039006607607,0.024722701199352742,0.005971370463375933,0.006635834026965313,1.0
8,V,0.06595703125,0.8576171875,0.00028983371463255027,2.6745449576992542e-05,0.00100072703207843,0.0005144619551720098,0.0007647819066187366,0.0,0.0,0.002080896867555566,0.92330078125,0.1435036296956241,0.17712820198386908,1.1966796875,2.471201171875,9.765625e-05,0.88298828125,0.1169140625,9.765625e-05,0.00955078125,0.02818359375,0.11686021803456242,0.06595703125,0.016796875,0.0025788809452205897,0.03141887425677851,20.301863341331483,0.0,0.0,1.0,0.0,0.0,1.0,0.93404296875,2.670443129775424,0.134453065800305,0.0,0.13,360.57,0.4694921875,358.66,0.46700520833333337,0.0,0.0,0.0,0.0,0.0,0.0,0.465703125,11.571647781938966,1.048828125,2.0,0.0,0.00027280625916318966,-0.0001157147760523003,1.157147760523003e-05,0.1460550359915942,0.14964842224493624,0.007067746484535746,0.00724502116383519,1.0
9,K,0.11806640625,0.661640625,0.00037991738179698586,3.8830721750855444e-05,0.0016274332103785127,0.0007060095446649938,0.0011216761893592774,0.0,0.0,0.0003708700160495937,0.9970703125,0.08844584248727187,0.8046624128893017,1.01013671875,1.248900146484375,0.0,0.99255859375,0.00744140625,0.0,0.0095703125,0.05556640625,0.04748868802889774,0.11806640625,0.0131640625,0.0024349350319243968,0.08938112017291132,116.2006001985073,0.0,0.0,1.0,0.0,0.0,1.0,0.88193359375,2.689297460324655,0.22614443352342944,0.0,0.13,336.79,0.43852864583333334,345.18,0.449453125,0.0,0.0,0.0,0.0,0.0,0.0,0.5167578125,20.14788911891982,1.183671875,2.9656005859375,0.0,0.00035644174146000297,-1.5604400999791324e-05,1.5604400999791324e-06,0.09642012095544487,0.1017648539179936,0.006063531733670971,0.006296321181871463,1.0
9,O,0.0319140625,0.91109375,0.00028180288238218056,1.3448141980916262e-05,0.0009399162698537112,0.0004856097960146144,0.0007290453102905304,0.0,0.0,0.001902131389360875,0.929296875,-0.013748440536437556,-0.008186412667273544,1.2522265625,2.88900146484375,3.90625e-05,0.83630859375,0.16365234375,3.90625e-05,0.03615234375,0.0202734375,0.19285945584008005,0.0319140625,0.01609375,0.0026722311764024198,0.010352212937286822,12.55734207317233,0.0,0.0,1.0,0.0,0.0,1.0,0.9680859375,2.6247068118131773,0.08759454051418483,0.0,0.13,361.89,0.4712109375,376.8,0.490625,0.0,0.0,0.0,0.0,0.0,0.0,0.51837890625,61.612880781630984,1.056796875,2.0,0.0,0.00026381021161796524,1.5790161040740713e-05,-1.5790161040740714e-06,-0.015988615197129546,-0.016048942375928164,0.01089445835143124,0.011373953027832612,1.0
9,Q,0.08244140625,0.724609375,0.00037072017119498923,2.44603818282485e-05,0.0012633392855059356,0.0006596738239750266,0.0009690549597144127,0.0,0.0,0.00045048091844364537,0.99615234375,0.016992728241020813,0.14033748365473003,1.0334375,1.554500732421875,0.0,0.976328125,0.023671875,0.0,0.01126953125,0.0463671875,0.06258372426389541,0.08244140625,0.0170703125,0.0025398969696834683,-0.009794747463747627,-27.639924204200508,0.0,0.0,1.0,0.0,0.0,1.0,0.91755859375,2.637665097260939,0.23102320657839773,0.0,0.13,353.98,0.46091145833333336,358.0,0.46614583333333337,0.0,0.0,0.0,0.0,0.0,0.0,0.5243359375,63.48341203466663,1.18265625,2.26460205078125,0.0,0.0003532778302906081,-1.4840413609107372e-06,1.4840413609107372e-07,0.017044566869735718,0.018154227733284643,0.012025480252341368,0.012319818828254938,1.0
9,V,0.069296875,0.85546875,0.0002914258974487893,1.96617329493165e-05,0.000985343297943473,0.0005143422761466354,0.0007626792165683582,0.0,0.0,0.0019249616080196574,0.9316796875,0.141014100369066,0.1854194126278162,1.077421875,1.851201171875,0.0,0.9416015625,0.0583984375,0.0,0.009765625,0.030703125,0.11255966976794297,0.069296875,0.01564453125,0.002589040007442236,0.07521797308465467,51.89796542197466,0.0,0.0,1.0,0.0,0.0,1.0,0.930703125,2.6074472981414916,0.11552228383489258,0.0,0.13,356.88,0.4646875,362.82,0.472421875,0.0,0.0,0.0,0.0,0.0,0.0,0.47275390625,9.41291913989831,1.0453515625,2.0,0.0,0.00027569517929805444,-0.00010330932933015902,1.0330932933015901e-05,0.1454351926036179,0.14845094779506326,0.004646150228800252,0.004837093025853392,1.0
10,K,0.11533203125,0.68830078125,0.0003631310720811598,3.430759534239769e-05,0.0013785334001295269,0.000663462711381726,0.001008721988182515,0.0,0.0,0.0003336373037404883,0.9982421875,0.10390293064061552,0.9223215178772807,1.00845703125,1.176700439453125,0.0,0.9936328125,0.0063671875,0.0,0.0146875,0.06408203125,0.052180172577936904,0.11533203125,0.01515625,0.0024548170412890613,0.015014746897504665,15.771254549622535,0.0,0.0,1.0,0.0,0.0,1.0,0.88466796875,2.7253714306446484,0.2556649364322847,0.0,0.13,347.91,0.4530078125,347.21,0.45209635416666666,0.0,0.0,0.0,0.0,0.0,0.0,0.5163671875,19609.774346898113,1.15263671875,2.5080029296875,0.0,0.00034783074486767875,-1.4761694597975606e-05,1.4761694597975605e-06,0.10053895877674222,0.10502404959872365,0.013337331372858897,0.013998019374193973,1.0
10,O,0.031171875,0.897734375,0.00029820151452440767,2.4827276356518268e-05,0.0009435061598196626,0.0005098344699945301,0.0007409329217625782,0.0,0.0,0.0014289922080934047,0.9507421875,-0.026107933716848494,-0.031056305123493076,1.1500390625,2.54340087890625,0.0,0.87427734375,0.12572265625,0.0,0.06451171875,0.02537109375,0.17647963408526265,0.031171875,0.01564453125,0.002689697875175625,0.007671715440228582,16.63224134206772,0.0,0.0,1.0,0.0,0.0,1.0,0.968828125,2.602078696910647,0.1203507862389038,0.0,0.13,370.13,0.48194010416666666,360.69,0.4696484375,0.0,0.0,0.0,0.0,0.0,0.0,0.526015625,34.906244037017125,1.078828125,2.0,0.0,0.0002803381744888611,1.305499906365526e-05,-1.305499906365526e-06,-0.02722294141887687,-0.026990140755078756,0.012073746262176428,0.012543495277059264,1.0
10,Q,0.06669921875,0.69498046875,0.00040605474583571777,3.792857984080911e-05,0.0017231132823508234,0.0007173688593320549,0.001150296296691522,0.0,0.0,0.0003819040872315327,0.99712890625,-0.014704752257966903,-0.08540153678040951,1.02109375,1.540101318359375,0.0,0.9823828125,0.0176171875,0.0,0.0277734375,0.0535546875,0.07205013724968012,0.06669921875,0.01365234375,0.0025800691079348325,0.004112088807669351,-2.743193295486271,0.0,0.0,1.0,0.0,0.0,1.0,0.93330078125,2.580156924873931,0.4941044928696715,0.0,0.13,351.98,0.4583072916666666,354.82,0.46200520833333336,0.0,0.0,0.0,0.0,0.0,0.0,0.53134765625,21717.107562647827,1.26044921875,2.9556005859375,0.0,0.00037881296942941843,3.979552766653072e-06,-3.979552766653072e-07,-0.01613318558142055,-0.016080879012006336,0.0014995860098861158,0.0016942944849142804,1.0
10,V,0.07302734375,0.83125,0.00030350647532031874,2.6774588041007518e-05,0.0011854617204517127,0.0005429085512878374,0.0008390184410382063,0.0,0.0,0.0015344380115857347,0.94736328125,0.1481829036527779,0.20360742653720082,1.0242578125,1.48780029296875,0.0,0.9787109375,0.0212890625,0.0,0.009609375,0.03345703125,0.10792066892347066,0.07302734375,0.014296875,0.002578553420025855,0.033429651318583636,19.0632589328289,0.0,0.0,1.0,0.0,0.0,1.0,0.92697265625,2.6060136123967,0.11606531939300745,0.0,0.13,361.43,0.47061197916666664,359.0,0.46744791666666663,0.0,0.0,0.0,0.0,0.0,0.0,0.46962890625,16.174736213809368,1.067890625,2.018900146484375,0.0,0.00028388616221491247,-8.105222213430351e-05,8.105222213430353e-06,0.1503117399988696,0.15350672846660018,0.007328785944264382,0.007763631330453791,1.0
11,K,0.11009765625,0.6956640625,0.00036538340267725286,3.191729774698615e-05,0.0016498190502170474,0.0006664234935306012,0.0010519733955152333,0.0,0.0,0.00038680412783833164,0.99705078125,0.09271817044296768,0.6653043362032622,1.004375,1.11780029296875,0.0,0.99623046875,0.00376953125,0.0,0.01345703125,0.068046875,0.05697765332486597,0.11009765625,0.0137890625,0.0024570740782655777,0.03096444513153983,37.71543665289879,0.0,0.0,1.0,0.0,0.0,1.0,0.88990234375,2.6515590722920432,0.30604404738034197,0.0,0.13,344.83,0.44899739583333337,346.18,0.4507552083333334,0.0,0.0,0.0,0.0,0.0,0.0,0.5161328125,19547.098188376098,1.15509765625,2.767901611328125,0.0,0.00034498647903092206,-1.7424837104140777e-05,1.7424837104140778e-06,0.09613247215278534,0.10008252173487563,0.0023492262349464,0.0025651381321949883,1.0
11,O,0.02591796875,0.88111328125,0.0003169874954619445,2.7840156690217555e-05,0.00108067627530545,0.0005399533690069802,0.0007941214460879565,0.0,0.0,0.0011942920356523246,0.963359375,-0.03438910076452885,-0.07554259745869786,1.28095703125,3.38460205078125,0.0,0.81837890625,0.18162109375,0.0,0.131328125,0.0303125,0.1801330954990408,0.02591796875,0.01615234375,0.0026965807878877967,-0.012979424539662433,-26.172294726371764,0.0,0.0,1.0,0.0,0.0,1.0,0.97408203125,2.585127414268612,0.19535565922539871,0.0,0.13,362.72,0.47229166666666667,359.11,0.46759114583333333,0.0,0.0,0.0,0.0,0.0,0.0,0.52705078125,59.3807723477496,1.11232421875,2.0,0.0,0.00029709469265071676,1.003307611568971e-05,-1.003307611568971e-06,-0.03464500425150618,-0.03486747952178121,0.009568218974745833,0.00965697281411849,1.0
11,Q,0.05126953125,0.66943359375,0.00044637324346695094,3.8852263242006305e-05,0.0021455648681148885,0.0007956373563501983,0.0014431109512224793,0.0,0.0,0.00038456364849025703,0.99705078125,-0.010127670807996765,-0.0719026209693402,1.032890625,1.664500732421875,0.0,0.97291015625,0.02708984375,0.0,0.0316015625,0.0573046875,0.09057707915824721,0.05126953125,0.01384765625,0.0026395678310655057,0.017257789357099682,15.966333425045013,0.0,0.0,1.0,0.0,0.0,1.0,0.94873046875,2.5241832383190483,0.525481525568244,0.0,0.13,361.11,0.4701953125,357.94,0.46606770833333333,0.0,0.0,0.0,0.0,0.0,0.0,0.522265625,23578.071384897445,1.3505078125,3.32460205078125,0.0,0.00039965231699170547,2.7991493457779627e-06,-2.7991493457779625e-07,-0.010860774811008014,-0.010467398099426645,0.004596816444609431,0.005099499262214522,1.0
11,V,0.09310546875,0.7812890625,0.0003203227467020042,2.92124692350626e-05,0.0011423875857144595,0.0005822907073888928,0.0008579885173821822,0.0,0.0,0.0012920816367841326,0.9591796875,0.1250962746795267,0.2510395994130522,1.0427734375,1.6556005859375,0.0,0.9637890625,0.0362109375,0.0,0.00994140625,0.04798828125,0.09414570426743012,0.09310546875,0.01515625,0.0025118549796752632,0.024776407026220113,29.001057890355586,0.0,0.0,1.0,0.0,0.0,1.0,0.90689453125,2.7221366815377426,0.1762456078192362,0.0,0.13,357.52,0.4655208333333334,351.3,0.457421875,0.0,0.0,0.0,0.0,0.0,0.0,0.4986328125,13.091420173561346,1.08248046875,2.008900146484375,0.0,0.00030335939140059055,-5.473266413673628e-05,5.473266413673627e-06,0.12476799464318901,0.129416147605516,0.009571681112865917,0.00975670712592546,1.0
