layer_name,layer_idx,sublayer,ODR_mean,QZR_mean,p_clip_in,cosine_sim,absmax_q50,absmax_q90,absmax_q99,absmax_q999
bert.encoder.layer.0.attention.self.key,0,K,10.240212020874024,0.6063497479259968,0.0,0.44268258303403857,6.968027025777701e-07,3.185950283295824e-05,0.00013270208870380884,0.00035191647621104496
bert.encoder.layer.0.attention.output.dense,0,O,6.129813141822815,0.12063135650008917,0.0,0.9998627379536629,1.0418726387797506e-05,7.274656909430632e-05,0.0003799828153569251,0.001729704664903693
bert.encoder.layer.0.attention.self.query,0,Q,16.337053389549254,0.0898617646098137,0.0,0.9994357204437256,3.151926059103971e-06,2.1658717687387253e-05,0.0001097646020934917,0.00038544465649465565
bert.encoder.layer.0.attention.self.value,0,V,8.740535070896149,0.5979693895578384,0.0,0.4426912565529346,1.2994685630474122e-06,5.585694625551696e-05,0.0002815631432895316,0.0007535304955672473
bert.encoder.layer.1.attention.self.key,1,K,13.115968508720398,0.622048339098692,0.0,0.44265333235263826,7.416072514843108e-07,3.954844951294945e-05,0.00019488801764964593,0.0005971715289342683
bert.encoder.layer.1.attention.output.dense,1,O,6.345323851108551,0.1212487206980586,0.0,0.9998542097210884,1.3185173284000484e-05,7.32714567493531e-05,0.0004191789566539228,0.0018223936768481507
bert.encoder.layer.1.attention.self.query,1,Q,22.066128644943237,0.12895379293709994,0.0,0.9994468852877617,5.393535388975579e-06,3.277702543527994e-05,0.00018277419345395175,0.000746416209731251
bert.encoder.layer.1.attention.self.value,1,V,11.557078227996826,0.6140122449398041,0.0,0.44265548050403597,1.1240326739425656e-06,5.413993092588498e-05,0.0003047814364981605,0.001286731082946062
bert.encoder.layer.2.attention.self.key,2,K,14.760005474090576,0.6378069972991943,0.0,0.4426552227139473,6.169499579300463e-07,3.5640526803035755e-05,0.00017075674280931708,0.0004782608618552331
bert.encoder.layer.2.attention.output.dense,2,O,7.312296102046966,0.12471755027770996,0.0,0.9998083111643791,9.200778397371323e-06,6.9129252442508e-05,0.00040421873884042723,0.0018104167096316813
bert.encoder.layer.2.attention.self.query,2,Q,29.42184151649475,0.2056937699764967,0.0,0.9992362010478973,4.380024247438996e-06,2.583474166385713e-05,0.00014459364723734325,0.000532146822224604
bert.encoder.layer.2.attention.self.value,2,V,13.293085541725159,0.6208289343118668,0.0,0.44269602090120314,1.1628053744061617e-06,5.907964061407256e-05,0.00038173144654138016,0.0010907858581049369
bert.encoder.layer.3.attention.self.key,3,K,12.538240752220155,0.6220419597625733,0.0,0.44265818208456037,6.105563443270512e-07,3.879621086525731e-05,0.00019808548138826155,0.0004738311000983231
bert.encoder.layer.3.attention.output.dense,3,O,11.802677593231202,0.13978261031210423,0.0,0.9994776573777199,1.2935310342072626e-05,0.00011677842860081001,0.0007511125860037282,0.003455993796233088
bert.encoder.layer.3.attention.self.query,3,Q,20.924437341690062,0.12560371086001396,0.0,0.999422812461853,2.682497712385157e-06,2.1639300366587123e-05,0.00011885875836014747,0.000524199655483244
bert.encoder.layer.3.attention.self.value,3,V,11.201264777183532,0.612238071411848,0.0,0.44269947305321694,9.898773771510605e-07,5.648550155456178e-05,0.0004408776269701775,0.000983510553778615
bert.encoder.layer.4.attention.self.key,4,K,16.721850666999817,0.6425889962911606,0.0,0.44259604036808015,6.053597985555825e-07,4.448477362529957e-05,0.000245766688749427,0.000579274872870883
bert.encoder.layer.4.attention.output.dense,4,O,9.32012626171112,0.1314417665451765,0.0,0.9996636709570885,9.3144764855424e-06,9.513392582448432e-05,0.0006059903542336542,0.003156447501387447
bert.encoder.layer.4.attention.self.query,4,Q,19.115208292007445,0.11006157625466585,0.0,0.9994826582074166,2.4276701213921115e-06,2.3056762156556942e-05,0.00013503532209142578,0.0005878460338863079
bert.encoder.layer.4.attention.self.value,4,V,11.054489719867707,0.6152615147829056,0.0,0.4427125889062882,6.56536302585664e-07,4.352781737907208e-05,0.0003238191812124569,0.0011356865408015436
bert.encoder.layer.5.attention.self.key,5,K,16.163608222007753,0.6450530757009983,0.0,0.44262042820453645,5.537301501590264e-07,4.107283406483475e-05,0.0002466824184375582,0.0005687734881939832
bert.encoder.layer.5.attention.output.dense,5,O,8.811617770195006,0.12971300952136516,0.0,0.9996998092532158,9.154772426427371e-06,8.993363688205136e-05,0.0005884155983221718,0.003064472439000383
bert.encoder.layer.5.attention.self.query,5,Q,21.940649452209474,0.1471678901463747,0.0,0.9994627606868743,2.161386765919815e-06,2.2296178885881092e-05,0.00013740896843955852,0.000645249979570508
bert.encoder.layer.5.attention.self.value,5,V,10.720975184440613,0.6193227203190327,0.0,0.44273151144385336,6.389443876742006e-07,4.172284567175666e-05,0.00042102522522327493,0.0012047370077925734
bert.encoder.layer.6.attention.self.key,6,K,18.4649871301651,0.6499343229830266,0.0,0.4425749334692955,5.593999628672464e-07,4.195210223770118e-05,0.00029891235622926616,0.0007602465739182662
bert.encoder.layer.6.attention.output.dense,6,O,7.174754750728607,0.12416055325418711,0.0,0.9998122382164002,6.989577072999964e-06,7.320955057366519e-05,0.0005029186107276474,0.0026860581332584844
bert.encoder.layer.6.attention.self.query,6,Q,23.565401458740233,0.1426019198447466,0.0,0.9994174075126648,2.24587664149567e-06,2.400084034889005e-05,0.00014821717428276316,0.0007482629032165278
bert.encoder.layer.6.attention.self.value,6,V,10.953313028812408,0.6165713532269002,0.0,0.44272679165005685,6.25253122734648e-07,3.970456884417217e-05,0.00047662614539149215,0.0012504337317659519
bert.encoder.layer.7.attention.self.key,7,K,25.835419292449952,0.6776733732223511,0.0,0.44253652781248093,4.158352686545186e-07,3.7961745938446257e-05,0.00031020641727081967,0.0008207201995537616
bert.encoder.layer.7.attention.output.dense,7,O,6.431472325325013,0.12161023736000061,0.0,0.9998509103059768,6.296394487890211e-06,6.227769788893056e-05,0.0005005755080492235,0.0026044154993724077
bert.encoder.layer.7.attention.self.query,7,Q,24.460771322250366,0.16591205559670924,0.0,0.9994516077637673,2.0480446949022733e-06,1.7064073026631378e-05,9.534622004139237e-05,0.0006896665805834345
bert.encoder.layer.7.attention.self.value,7,V,15.48310990333557,0.6378063100576401,0.0,0.4427061019837856,5.405138358582918e-07,4.08929386503587e-05,0.000582275055203354,0.0012884288770146667
bert.encoder.layer.8.attention.self.key,8,K,20.353817625045778,0.6581437246501446,0.0,0.44258681789040566,6.360952534123498e-07,4.932559208100429e-05,0.00033035611981176773,0.0007818644521466922
bert.encoder.layer.8.attention.output.dense,8,O,6.191592829227448,0.12075981639325618,0.0,0.9998623794317245,6.370569130922377e-06,5.448433739729808e-05,0.00046913450714782814,0.00297901141224429
bert.encoder.layer.8.attention.self.query,8,Q,24.123439445495606,0.1479626988619566,0.0,0.9993337661027908,2.4647451198234195e-06,2.333634769456694e-05,0.0001604104382931837,0.0011823230292066001
bert.encoder.layer.8.attention.self.value,8,V,11.191558783054353,0.61481451228261,0.0,0.4427212865650654,6.363398904341011e-07,4.355347231467022e-05,0.000409657895215787,0.0014856984617654233
bert.encoder.layer.9.attention.self.key,9,K,21.40725121498108,0.6632837317883968,0.0,0.44263722956180573,4.494711106417526e-07,4.5429059591697294e-05,0.00030671120672195687,0.0007585825816204306
bert.encoder.layer.9.attention.output.dense,9,O,6.025772867202758,0.12020855262875557,0.0,0.9998701521754265,6.65057306378003e-06,3.856953833746957e-05,0.000238380088339909,0.0032448950270190834
bert.encoder.layer.9.attention.self.query,9,Q,16.471935272216797,0.09778766080737114,0.0,0.9995377749204636,1.7677671701221698e-06,1.2594379059009953e-05,8.252248591816169e-05,0.000939706185599789
bert.encoder.layer.9.attention.self.value,9,V,13.0672199010849,0.6247409902513027,0.0,0.4427184085547924,5.659996111262445e-07,4.916751335258596e-05,0.0004793947433063295,0.0013792367477435618
bert.encoder.layer.10.attention.self.key,10,K,21.6091711807251,0.6642865516245365,0.0,0.4426586551964283,3.2799304449326883e-07,3.460343569713586e-05,0.00021374437877966557,0.0006365116826782469
bert.encoder.layer.10.attention.output.dense,10,O,6.678908483982086,0.12237488321959972,0.0,0.9998414739966393,8.52360582939582e-06,3.1672969807914345e-05,0.00017341154682071647,0.003705952923046425
bert.encoder.layer.10.attention.self.query,10,Q,21.017002172470093,0.13607744771987199,0.0,0.9994381830096245,1.748797656091483e-06,7.710091852004553e-06,4.691079890108085e-05,0.0008904874170548283
bert.encoder.layer.10.attention.self.value,10,V,14.503022241592408,0.6323210215568542,0.0,0.44270649313926697,4.7623647333239203e-07,4.3743131482187894e-05,0.00046847219273331574,0.0011615699736285024
bert.encoder.layer.11.attention.self.key,11,K,22.0198153591156,0.6616730412840843,0.0,0.4426756739616394,4.28140706958402e-07,3.4301617442906715e-05,0.00019537587300874293,0.0007375217201479245
bert.encoder.layer.11.attention.output.dense,11,O,6.501463973522187,0.12184226002544164,0.0,0.9998525494337082,8.184828984667548e-06,1.5008944383225752e-05,0.00014308218895166646,0.0036129731091205032
bert.encoder.layer.11.attention.self.query,11,Q,22.29922423362732,0.14824895799160004,0.0,0.9995034822821617,1.6430316338755801e-06,3.520371485592477e-06,1.2193997308713733e-05,0.0009097027630195953
bert.encoder.layer.11.attention.self.value,11,V,14.939982228279113,0.6249439005553722,0.0,0.4427260075509548,6.048915781775577e-07,3.63120142264961e-05,0.00036704865837236864,0.0015502107559586876
