layer_name,layer_idx,sublayer,variant,dac_bits,EZR_mean,QZR_all_mean,QZR_nonzero_mean,ODR_mean,cosine_sim,ratio_q50,ratio_q90,ratio_q99,EZR_pad_mean,QZR_all_pad_mean,CCR
bert.encoder.layer.0.attention.self.key,0,K,baseline,7,5.380509833230462e-09,0.11106927961111068,0.1110692747682333,23.34720230102539,0.9994894650578499,0.05362713387235999,0.24402860067784787,0.6226729899644852,0.5570914739370346,0.6063497479259968,
bert.encoder.layer.0.attention.output.dense,0,O,baseline,7,0.10001762874424458,0.12035390302538872,0.022596305757761,6.113833262920379,0.999865662753582,0.1653617438673973,0.46267429426312445,0.7682564821839333,0.09999825838953257,0.12063135650008917,
bert.encoder.layer.0.attention.self.query,0,Q,baseline,7,4.6502975692419565e-09,0.07302011348307133,0.07302010916173458,15.812497668266296,0.9994634765386582,0.06704036142677068,0.23837035052478314,0.5776042455434799,6.357828823411182e-09,0.0898617646098137,
bert.encoder.layer.0.attention.self.value,0,V,baseline,7,0.0,0.09210848063230515,0.09210848063230515,19.791952018737792,0.9995103222131729,0.06322741366922856,0.25965958446264265,0.6278837418556213,0.557091471850872,0.5979693895578384,
bert.encoder.layer.1.attention.self.key,1,K,baseline,7,4.755600286898698e-09,0.14637915842235089,0.14637915432453155,29.92284016609192,0.9994238594174385,0.04448225062340498,0.22754358880221845,0.6012636986374855,0.5570914739370346,0.622048339098692,
bert.encoder.layer.1.attention.output.dense,1,O,baseline,7,0.09995366934686899,0.12033668901771306,0.022646624809131027,6.127017977237702,0.9998663982748985,0.16486689634621143,0.4612660332024097,0.7673278790712357,0.09996887937188148,0.1212487206980586,
bert.encoder.layer.1.attention.self.query,1,Q,baseline,7,3.967347197431081e-09,0.12169505286961795,0.12169504936784506,23.3456915473938,0.9993774652481079,0.04911486020311713,0.21320281706750394,0.5717114093899727,8.477105097881576e-09,0.12895379293709994,
bert.encoder.layer.1.attention.self.value,1,V,baseline,7,4.5054787278786535e-09,0.1283132603764534,0.12831325642764568,26.2393016910553,0.9994292405247688,0.05150376740843057,0.2394994667172432,0.6120685082674027,0.5570914742350578,0.6140122449398041,
bert.encoder.layer.2.attention.self.key,2,K,baseline,7,9.381892880355736e-09,0.18093090452253818,0.18093089692294598,33.7381001663208,0.9994279724359513,0.04063646759837866,0.22249286875128746,0.5993370887637138,0.5570914766192436,0.6378069972991943,
bert.encoder.layer.2.attention.output.dense,2,O,baseline,7,0.10002483315765857,0.12152488060295581,0.023889601118862628,6.461805257797241,0.9998498618602752,0.15751790389418602,0.44949432358145713,0.7579872789978981,0.09998628083616495,0.12471755027770996,
bert.encoder.layer.2.attention.self.query,2,Q,baseline,7,1.029685506637179e-08,0.24252946466207503,0.24252945698797704,27.703488178253174,0.9993182501196861,0.03961109098047018,0.1938261568546295,0.5273082292079926,4.238552548940788e-09,0.2056937699764967,
bert.encoder.layer.2.attention.self.value,2,V,baseline,7,4.704058369497943e-09,0.1435318698734045,0.14353186585009098,30.18717728614807,0.9995203974843025,0.04665731959044933,0.252070638909936,0.6507183891534806,0.5570914739370346,0.6208289343118668,
bert.encoder.layer.3.attention.self.key,3,K,baseline,7,4.351882694209053e-09,0.14648077316582203,0.14648076944053173,28.691860399246217,0.9994346076250076,0.04396716685965657,0.22533121325075625,0.5992220386862754,0.5570914742350578,0.6220419597625733,
bert.encoder.layer.3.attention.output.dense,3,O,baseline,7,0.10001443155109882,0.13604614034295082,0.040035934373736384,10.838575263023376,0.9995331913232803,0.1035297043249011,0.37042982786893847,0.6935163375735283,0.10000430505722761,0.13978261031210423,
bert.encoder.layer.3.attention.self.query,3,Q,baseline,7,4.873066359323275e-09,0.10011993482708931,0.10011993043124676,17.96498558998108,0.999509620666504,0.06084080001339316,0.2533943536132574,0.6183028757572174,6.357828823411182e-09,0.12560371086001396,
bert.encoder.layer.3.attention.self.value,3,V,baseline,7,3.5153436783730286e-09,0.12435129404067993,0.12435129106044769,25.45748638153076,0.9995282477140427,0.053065682277083394,0.2626102662086487,0.6521331027150155,0.5570914740860462,0.612238071411848,
bert.encoder.layer.4.attention.self.key,4,K,baseline,7,5.545499561776524e-09,0.19267080612480642,0.19267080165445805,38.37253692626953,0.999294907450676,0.03378152161836624,0.19525979846715927,0.5591822025179863,0.5570914739370346,0.6425889962911606,
bert.encoder.layer.4.attention.output.dense,4,O,baseline,7,0.09994549728929997,0.1300500051677227,0.033447458408772945,9.040894026756286,0.9996738171577454,0.1204174118489027,0.39562891602516176,0.7136789447069168,0.0999625489488244,0.1314417665451765,
bert.encoder.layer.4.attention.self.query,4,Q,baseline,7,5.142509280631202e-09,0.12128428839147092,0.12128428392112255,22.17309147834778,0.9994437643885612,0.051581589113920925,0.2317578686773777,0.5926705157756805,2.119276274470394e-09,0.11006157625466585,
bert.encoder.layer.4.attention.self.value,4,V,baseline,7,1.605434249540849e-08,0.131117058172822,0.13111704416573047,25.21498028755188,0.999558017551899,0.05153206519782543,0.2671231862902641,0.6609222495555878,0.5570914781093598,0.6152615147829056,
bert.encoder.layer.5.attention.self.key,5,K,baseline,7,5.126312316861003e-09,0.19821892254054546,0.19821891844272613,37.17755708694458,0.9993503123521805,0.03409757329151034,0.19981268487870693,0.5699775859713554,0.5570914739370346,0.6450530757009983,
bert.encoder.layer.5.attention.output.dense,5,O,baseline,7,0.10001402847468853,0.1289832928776741,0.03218856891617179,8.702019572257996,0.999704415500164,0.12256954446434974,0.3958940225839615,0.7138175976276397,0.09999115288257598,0.12971300952136516,
bert.encoder.layer.5.attention.self.query,5,Q,baseline,7,0.0,0.16779645211994648,0.16779645211994648,26.835050764083864,0.9994212448596954,0.04477063186466694,0.2282911663502455,0.5926062336564064,4.238552548940788e-09,0.1471678901463747,
bert.encoder.layer.5.attention.self.value,5,V,baseline,7,9.848519084698638e-09,0.14033071115612983,0.14033070273697376,24.518305253982543,0.9996004551649094,0.05192300548776984,0.2789434942603111,0.6741056403517723,0.5570914760231972,0.6193227203190327,
bert.encoder.layer.6.attention.self.key,6,K,baseline,7,5.384960104493075e-09,0.20933733075857164,0.20933732643723488,42.62129236221313,0.9992472308874131,0.031130260191857814,0.18446645103394985,0.5367978516221047,0.5570914739370346,0.6499343229830266,
bert.encoder.layer.6.attention.output.dense,6,O,baseline,7,0.0999997753277421,0.12431479781866074,0.027016687132418157,7.305282816886902,0.9998010098934174,0.14152757644653322,0.423803808093071,0.736578571498394,0.09998952530324459,0.12416055325418711,
bert.encoder.layer.6.attention.self.query,6,Q,baseline,7,5.7108917417281195e-09,0.17643049277365208,0.1764304880797863,31.34332640647888,0.999331704378128,0.040274771377444264,0.2075798972696066,0.5711709448695182,4.238552548940788e-09,0.1426019198447466,
bert.encoder.layer.6.attention.self.value,6,V,baseline,7,1.6470481227770507e-08,0.13414840821176768,0.13414839398115874,25.078479490280152,0.9995897459983826,0.05133495410904288,0.27415186747908593,0.672436805665493,0.5570914784073829,0.6165713532269002,
bert.encoder.layer.7.attention.self.key,7,K,baseline,7,0.0,0.27186732649803164,0.27186732649803164,60.28694799423218,0.9991602644324302,0.02330805064179003,0.16451958701014519,0.513863035440445,0.557091471850872,0.6776733732223511,
bert.encoder.layer.7.attention.output.dense,7,O,baseline,7,0.1000266433879733,0.12181622929871082,0.024211370134726167,6.5531449842453,0.9998443683981896,0.15527468413114548,0.44494705751538277,0.753710221350193,0.09999932464212179,0.12161023736000061,
bert.encoder.layer.7.attention.self.query,7,Q,baseline,7,0.0,0.20659021593630314,0.20659021593630314,32.158410987854005,0.9994324687123298,0.03698319025337696,0.21830103784799576,0.5937240493297576,0.0,0.16591205559670924,
bert.encoder.layer.7.attention.self.value,7,V,baseline,7,0.0,0.18201613672077654,0.18201613672077654,35.597271003723144,0.9995429491996766,0.0379772106744349,0.2496374124288559,0.664273736178875,0.557091471850872,0.6378063100576401,
bert.encoder.layer.8.attention.self.key,8,K,baseline,7,5.536068670153327e-09,0.22782779417932034,0.2278277899324894,46.89759582519531,0.9992743775248527,0.028504820074886084,0.1838073243945837,0.5506062796711921,0.5570914739370346,0.6581437246501446,
bert.encoder.layer.8.attention.output.dense,8,O,baseline,7,0.09997232139110565,0.12062447790056467,0.022946144258603453,6.209213101863861,0.999861948788166,0.16279978007078172,0.4572006043791771,0.7635621252655983,0.09997646424919367,0.12075981639325618,
bert.encoder.layer.8.attention.self.query,8,Q,baseline,7,0.0,0.17619925372302533,0.17619925372302533,30.877648458480834,0.9992386436462403,0.04107875810936093,0.20392856612801552,0.5490243792533874,0.0,0.1479626988619566,
bert.encoder.layer.8.attention.self.value,8,V,baseline,7,0.0,0.13018422923982143,0.13018422923982143,25.559766635894775,0.9995774018764496,0.05183544067665934,0.2713200995326042,0.6692478495836258,0.557091471850872,0.61481451228261,
bert.encoder.layer.9.attention.self.key,9,K,baseline,7,8.85155117202885e-09,0.23929843723773955,0.23929843068122864,49.56833625793457,0.999387899339199,0.028843583250418307,0.20234223268926144,0.5948456820845603,0.5570914763212204,0.6632837317883968,
bert.encoder.layer.9.attention.output.dense,9,O,baseline,7,0.10000381730496884,0.11974319972097874,0.021932738153263926,5.9368481755256655,0.9998750707507134,0.1696118374168873,0.46937214002013206,0.7741585031151772,0.10000120867043734,0.12020855262875557,
bert.encoder.layer.9.attention.self.query,9,Q,baseline,7,5.7921857887777154e-09,0.11597975555807352,0.11597975037992,20.37436932563782,0.9994988834857941,0.057052243892103435,0.24966615550220012,0.6089743131399155,2.119276274470394e-09,0.09778766080737114,
bert.encoder.layer.9.attention.self.value,9,V,baseline,7,0.0,0.15234239481389522,0.15234239481389522,29.856232347488405,0.9995710504055023,0.0479737232811749,0.2658404278755188,0.6672625130414963,0.557091471850872,0.6247409902513027,
bert.encoder.layer.10.attention.self.key,10,K,baseline,7,0.0,0.24184412620961665,0.24184412620961665,50.80785085678101,0.9994359222054482,0.02890713113360107,0.20986558727920054,0.6135047143697738,0.557091471850872,0.6642865516245365,
bert.encoder.layer.10.attention.output.dense,10,O,baseline,7,0.10001026440411806,0.12136790484189987,0.02373098992742598,6.422021663188934,0.9998527327179909,0.15745450481772422,0.4434204311668873,0.7483777990937233,0.10001239646226168,0.12237488321959972,
bert.encoder.layer.10.attention.self.query,10,Q,baseline,7,4.1653336779745585e-09,0.14210479080677033,0.14210478723049164,24.802853412628174,0.9994171345233918,0.04711509944871068,0.22604967638850212,0.5851265487074852,1.0596381372351971e-08,0.13607744771987199,
bert.encoder.layer.10.attention.self.value,10,V,baseline,7,8.641885074212041e-09,0.16977793514728545,0.16977792784571646,33.40789795875549,0.9995439341664314,0.04294619105756283,0.2574614404141903,0.659925422668457,0.5570914763212204,0.6323210215568542,
bert.encoder.layer.11.attention.self.key,11,K,baseline,7,0.0,0.23545941390097141,0.23545941390097141,51.334154758453366,0.9994752699136734,0.030339782191440463,0.22161584869027137,0.6334955412149429,0.557091471850872,0.6616730412840843,
bert.encoder.layer.11.attention.output.dense,11,O,baseline,7,0.09999527465552091,0.12137575879693031,0.0237559734005481,6.434269702434539,0.9998571318387985,0.15633581191301346,0.4320953439176083,0.735942103266716,0.10000722970813512,0.12184226002544164,
bert.encoder.layer.11.attention.self.query,11,Q,baseline,7,0.0,0.1716602200269699,0.1716602200269699,29.943647975921632,0.999490353167057,0.04051034886389971,0.23154769025743008,0.6196090388298034,4.238552548940788e-09,0.14824895799160004,
bert.encoder.layer.11.attention.self.value,11,V,baseline,7,0.0,0.1526630041003227,0.1526630041003227,34.27700267791748,0.9995885610580444,0.04784530222415924,0.27801193997263907,0.6854824981093407,0.557091471850872,0.6249439005553722,
bert.encoder.layer.0.attention.self.key,0,K,sto_round,7,1.573098586504784e-08,0.11171692993491888,0.11171691596508027,23.523881063461303,0.9994895857572555,0.05342887580394745,0.2439948933571577,0.6231529948115349,0.5570914787054062,0.6066356116533279,
bert.encoder.layer.0.attention.output.dense,0,O,sto_round,7,0.10001762874424458,0.12033441826701165,0.022574655432254075,6.106073689460755,0.9998661211133003,0.16550650395452976,0.4627694246172905,0.7680609664320945,0.09999825838953257,0.12053731378167867,
bert.encoder.layer.0.attention.self.query,0,Q,sto_round,7,0.0,0.07253603108227252,0.07253603108227252,15.718011341094972,0.9994665601849556,0.06742283504456281,0.23936588063836098,0.5787762179970741,2.119276274470394e-09,0.0884296066313982,
bert.encoder.layer.0.attention.self.value,0,V,sto_round,7,5.380509833230462e-09,0.09195790730416775,0.09195790238678456,19.755506381988525,0.9995167076587677,0.06364042967557908,0.2614435135573149,0.6303884389996529,0.5570914739370346,0.5978989541530609,
bert.encoder.layer.1.attention.self.key,1,K,sto_round,7,4.9926507017517e-09,0.14758791103959085,0.1475879067927599,30.215819997787477,0.9994225284457207,0.044271035306155684,0.22735092505812646,0.6013148871064186,0.5570914742350578,0.6225705440342426,
bert.encoder.layer.1.attention.output.dense,1,O,sto_round,7,0.09995366934686899,0.12028524190187455,0.02258947279304266,6.111415870189667,0.9998670983314514,0.16522669576108456,0.4619367302954197,0.7678303050994874,0.09996888149529695,0.12122265793383122,
bert.encoder.layer.1.attention.self.query,1,Q,sto_round,7,4.73829459224362e-09,0.12082542028278112,0.1208254161849618,23.13303960800171,0.9993803808093071,0.04951600020751357,0.2139965143799782,0.5720764935016632,4.238552548940788e-09,0.12882718950510025,
bert.encoder.layer.1.attention.self.value,1,V,sto_round,7,9.5888816531442e-09,0.12888884998857975,0.12888884156942368,26.371693477630615,0.9994304656982422,0.05155223485082388,0.2399377117305994,0.6123544424772263,0.5570914766192436,0.614256699681282,
bert.encoder.layer.2.attention.self.key,2,K,sto_round,7,4.69727041263468e-09,0.18263062216341497,0.18263061828911303,33.922019472122194,0.9994285517930984,0.040493274610489606,0.22204917758703233,0.5977431938052178,0.5570914739370346,0.638521177470684,
bert.encoder.layer.2.attention.output.dense,2,O,sto_round,7,0.10002483315765857,0.12135286085307598,0.02369845684617758,6.406175472736359,0.9998537123203277,0.1584095524996519,0.450414584428072,0.7584548780322075,0.09998628083616495,0.12441431358456612,
bert.encoder.layer.2.attention.self.query,2,Q,sto_round,7,6.478026648437662e-09,0.2398315469175577,0.23983154200017454,27.061265230178833,0.9993301311135292,0.04043934414163232,0.19650608777999878,0.5317998400330544,4.238552548940788e-09,0.19947553634643556,
bert.encoder.layer.2.attention.self.value,2,V,sto_round,7,0.0,0.14319216698408127,0.14319216698408127,30.16647081375122,0.9995170673727989,0.04688360469415784,0.2515456890314817,0.6489349320530892,0.557091471850872,0.6206683182716369,
bert.encoder.layer.3.attention.self.key,3,K,sto_round,7,0.0,0.147499310746789,0.147499310746789,28.99690131187439,0.9994332757592201,0.043761973064392806,0.22537487804889678,0.5996945610642433,0.557091471850872,0.6224874751269818,
bert.encoder.layer.3.attention.output.dense,3,O,sto_round,7,0.10001443587243557,0.13517616696655751,0.03906925031915307,10.571451935768128,0.9995554575324058,0.10492417722940445,0.3713714124262333,0.6939684465527535,0.10000430718064308,0.1379397635906935,
bert.encoder.layer.3.attention.self.query,3,Q,sto_round,7,4.401904334372375e-09,0.09884017769247294,0.09884017374366522,17.855464601516722,0.9995122084021568,0.06117420637980103,0.25366617009043696,0.6184187144041061,2.119276274470394e-09,0.12376237321645021,
bert.encoder.layer.3.attention.self.value,3,V,sto_round,7,0.0,0.12491022504866123,0.12491022504866123,25.613248720169068,0.9995267924666404,0.05282332383096218,0.2616792856156826,0.6511265775561332,0.557091471850872,0.6124947705864906,
bert.encoder.layer.4.attention.self.key,4,K,sto_round,7,5.122279276292829e-09,0.1923264876753092,0.19232648350298404,38.48703771591187,0.999297037422657,0.03385120762512088,0.19581899881362916,0.5602967089414597,0.5570914742350578,0.6424003042280674,
bert.encoder.layer.4.attention.output.dense,4,O,sto_round,7,0.09994549728929997,0.13007998898625373,0.033480757251381874,9.044355154037476,0.9996759691834449,0.11999156635254621,0.3939468349516392,0.7122428941726685,0.0999625489488244,0.13124997660517693,
bert.encoder.layer.4.attention.self.query,4,Q,sto_round,7,0.0,0.12179136402904987,0.12179136402904987,22.223273305892945,0.9994434118270874,0.0514195323549211,0.23161497533321382,0.5924397325515747,0.0,0.10944701224565506,
bert.encoder.layer.4.attention.self.value,4,V,sto_round,7,9.031712693285954e-09,0.13123812682926655,0.13123811896890403,25.36091649055481,0.9995581150054932,0.051333501413464544,0.2661347621679306,0.6598756986856461,0.5570914760231972,0.615320242792368,
bert.encoder.layer.5.attention.self.key,5,K,sto_round,7,0.0,0.1989466582983732,0.1989466582983732,37.43672918319702,0.9993558329343796,0.03405541427433491,0.20069401271641255,0.5719709014892578,0.557091471850872,0.6453355006873608,
bert.encoder.layer.5.attention.output.dense,5,O,sto_round,7,0.10001402847468853,0.12906844154000283,0.03228315269574523,8.72495982170105,0.9997045034170151,0.12209276169538498,0.39424866780638695,0.7123373514413833,0.09999115288257598,0.1297296939790249,
bert.encoder.layer.5.attention.self.query,5,Q,sto_round,7,0.0,0.17458395257592202,0.17458395257592202,28.17529871940613,0.999403789639473,0.04309343559667468,0.22430142447352408,0.5882529529929161,2.119276274470394e-09,0.1539930360764265,
bert.encoder.layer.5.attention.self.value,5,V,sto_round,7,0.0,0.1419366266578436,0.1419366266578436,24.911618671417237,0.9995983853936196,0.05138824200257659,0.27757767230272296,0.6732477307319641,0.557091471850872,0.6200461764633656,
bert.encoder.layer.6.attention.self.key,6,K,sto_round,7,0.0,0.20955872938036918,0.20955872938036918,42.98785469055176,0.9992503052949906,0.031138456342741847,0.18513588152825833,0.5383549094200134,0.557091471850872,0.6500087778270245,
bert.encoder.layer.6.attention.output.dense,6,O,sto_round,7,0.0999997753277421,0.12460563130676747,0.02733983532525599,7.388209040164948,0.9997979319095611,0.13988329276442527,0.4199702595174313,0.7332714530825615,0.09998952530324459,0.12394015073776245,
bert.encoder.layer.6.attention.self.query,6,Q,sto_round,7,1.6036399586027984e-08,0.17548918299376964,0.17548916973173617,31.381984395980837,0.9993272393941879,0.040367253869771955,0.20773164436221123,0.5715606859326363,6.357828823411182e-09,0.1408768904581666,
bert.encoder.layer.6.attention.self.value,6,V,sto_round,7,0.0,0.13349650360643864,0.13349650360643864,25.08250756263733,0.9995884472131729,0.05136106504127383,0.2735388112068176,0.6717987641692161,0.557091471850872,0.6162835511565209,
bert.encoder.layer.7.attention.self.key,7,K,sto_round,7,5.150645847606938e-09,0.26761554621160033,0.2676155426353216,59.153677463531494,0.9991710567474366,0.02377156420610845,0.16657303288578987,0.5181115132570266,0.5570914739370346,0.675810926258564,
bert.encoder.layer.7.attention.output.dense,7,O,sto_round,7,0.1000266433879733,0.12211019586771726,0.02453800918534398,6.641265161037445,0.9998408740758896,0.15324674777686595,0.44042696833610534,0.7496930801868439,0.09999932464212179,0.12157344907522201,
bert.encoder.layer.7.attention.self.query,7,Q,sto_round,7,4.305830998418969e-09,0.2033666854351759,0.20336668208241462,31.69573561668396,0.9994353622198104,0.037449798583984374,0.21992644622921945,0.5958333310484886,6.357828823411182e-09,0.16334997296333312,
bert.encoder.layer.7.attention.self.value,7,V,sto_round,7,0.0,0.17785209000110627,0.17785209000110627,35.07339964866638,0.9995462891459465,0.03882498525083065,0.2509456105530262,0.6655159708857536,0.557091471850872,0.6359677121043206,
bert.encoder.layer.8.attention.self.key,8,K,sto_round,7,5.284429107632605e-09,0.22858834236860276,0.22858833834528924,47.295253124237064,0.999282066822052,0.02849298296496272,0.1850627216696739,0.553359956741333,0.5570914742350578,0.6584626790881157,
bert.encoder.layer.8.attention.output.dense,8,O,sto_round,7,0.09997232139110565,0.12091057702898979,0.023264016592875122,6.298442099094391,0.9998590585589409,0.1604882462322712,0.4517364893853664,0.7587703654170036,0.09997646637260914,0.12067769449204206,
bert.encoder.layer.8.attention.self.query,8,Q,sto_round,7,0.0,0.18516706742346287,0.18516706742346287,32.82541251182556,0.9992168375849724,0.03928793845698238,0.19951187990605831,0.5445127648115158,0.0,0.15265264458954333,
bert.encoder.layer.8.attention.self.value,8,V,sto_round,7,0.0,0.13166129857301712,0.13166129857301712,26.036687545776367,0.9995759481191635,0.051322930045425895,0.2704070197045803,0.6688765606284142,0.557091471850872,0.6154721899330616,
bert.encoder.layer.9.attention.self.key,9,K,sto_round,7,3.1090814900380793e-09,0.24055215135216712,0.24055214911699296,50.13866926193237,0.9993862095475197,0.02875018977560103,0.20222665414214133,0.5947648623585701,0.5570914739370346,0.6638356873393059,
bert.encoder.layer.9.attention.output.dense,9,O,sto_round,7,0.10000381730496884,0.12006669569760561,0.022292176149785518,6.034024693965912,0.9998710617423058,0.16700575552880764,0.46352906540036204,0.7688755616545677,0.10000120654702187,0.12017772350460292,
bert.encoder.layer.9.attention.self.query,9,Q,sto_round,7,4.773032742377836e-09,0.12349133957177401,0.12349133536219598,21.284914274215698,0.9994982677698135,0.05593067245557904,0.2500029759854078,0.60959662348032,6.357828823411182e-09,0.10220328748226165,
bert.encoder.layer.9.attention.self.value,9,V,sto_round,7,0.0,0.15380060389637948,0.15380060389637948,30.54166449546814,0.9995679399371147,0.047538210656493905,0.26470396161079407,0.6668166753649711,0.557091471850872,0.6253749786317349,
bert.encoder.layer.10.attention.self.key,10,K,sto_round,7,5.0003200158244e-09,0.2497129290550947,0.2497129253298044,53.07208124160766,0.9994240844249725,0.027624216973781587,0.20608235023915766,0.6092142760753632,0.5570914739370346,0.6677642057836056,
bert.encoder.layer.10.attention.output.dense,10,O,sto_round,7,0.10001026440411806,0.12054567601531745,0.022817381517961623,6.182588007450104,0.9998633381724358,0.16324271462857723,0.4540403388440609,0.7581003877520561,0.10001239646226168,0.1210453337803483,
bert.encoder.layer.10.attention.self.query,10,Q,sto_round,7,9.752258733897178e-09,0.13173635367304087,0.13173634503036738,23.181110639572143,0.9994810402393342,0.05010772654786706,0.23763382710516454,0.6071510449051857,4.238552548940788e-09,0.1320630321279168,
bert.encoder.layer.10.attention.self.value,10,V,sto_round,7,0.0,0.17200198993086815,0.17200198993086815,34.232581014633176,0.9995379629731178,0.04191996276378632,0.2539647263288498,0.6585812082886696,0.557091471850872,0.6333497966825962,
bert.encoder.layer.11.attention.self.key,11,K,sto_round,7,4.5591153252644286e-09,0.23019555427134036,0.2301955507695675,50.009953327178955,0.9994762778282166,0.03100495026446879,0.22325936019420622,0.6340874606370925,0.5570914739370346,0.6593512269854546,
bert.encoder.layer.11.attention.output.dense,11,O,sto_round,7,0.09999527990818023,0.12109215844422579,0.02344085179269314,6.34790670633316,0.9998584690690041,0.15843866527080536,0.43423330411314964,0.7320653009414673,0.1000072318315506,0.12155703090131283,
bert.encoder.layer.11.attention.self.query,11,Q,sto_round,7,0.0,0.14842122230678798,0.14842122230678798,25.841077899932863,0.9995221784710884,0.046174434050917625,0.24538246482610704,0.6311484277248383,2.119276274470394e-09,0.13758904978632927,
bert.encoder.layer.11.attention.self.value,11,V,sto_round,7,0.0,0.15222247809171677,0.15222247809171677,34.147646780014036,0.9995850133895874,0.04730978194624186,0.2748677211999893,0.680181872844696,0.557091471850872,0.6247552922368049,
bert.encoder.layer.0.attention.self.key,0,K,dac8bit,8,5.393882815951656e-09,0.058209855780005454,0.05820985067635775,23.524880933761597,0.9998722267150879,0.05339981023222208,0.24358097806572915,0.6224515444040298,0.5570914739370346,0.5829137971997261,
bert.encoder.layer.0.attention.output.dense,0,O,dac8bit,8,0.10001762874424458,0.11015073008835316,0.011259221332147717,6.116773972511291,0.9999666604399681,0.16525408633053304,0.4623660109937191,0.767695534825325,0.09999825838953257,0.11025890868157148,
bert.encoder.layer.0.attention.self.query,0,Q,dac8bit,8,0.0,0.03654500341042876,0.03654500341042876,15.770830278396607,0.9998666954040527,0.06722557663917542,0.23887971475720404,0.5778155243396759,4.238552548940788e-09,0.04537886975333095,
bert.encoder.layer.0.attention.self.value,0,V,dac8bit,8,4.623875611287076e-09,0.04750493016093969,0.04750492574647069,19.768324661254884,0.9998790407180786,0.06366881094872952,0.26135850049555304,0.6299407199025154,0.5570914739370346,0.5781863234937191,
bert.encoder.layer.1.attention.self.key,1,K,dac8bit,8,0.0,0.08068996578454972,0.08068996578454972,30.113871812820435,0.9998543328046798,0.04427942724898457,0.22740253701806068,0.6010393926501274,0.557091471850872,0.5928969889879226,
bert.encoder.layer.1.attention.output.dense,1,O,dac8bit,8,0.09995366934686899,0.11011571317911148,0.011290575470775365,6.12687662601471,0.9999668663740158,0.16485837705433368,0.4612772338092327,0.7674258434772492,0.09996887937188148,0.11061598330736161,
bert.encoder.layer.1.attention.self.query,1,Q,dac8bit,8,3.475929872820416e-09,0.06546269342303276,0.0654626901820302,23.236380882263184,0.9998440176248551,0.04916043415665627,0.21316166639328002,0.5711137756705285,1.0596381372351971e-08,0.07156735621392726,
bert.encoder.layer.1.attention.self.value,1,V,dac8bit,8,5.102207296658889e-09,0.07030978905037046,0.07030978428199887,26.211395769119264,0.9998570537567139,0.05171891503036022,0.24024651527404786,0.6128644552826882,0.5570914739370346,0.5882847312092782,
bert.encoder.layer.2.attention.self.key,2,K,dac8bit,8,3.9031274923218006e-09,0.11407305236905813,0.11407304901629686,34.011488847732544,0.9998549056053162,0.040403489843010905,0.22194428354501725,0.5978737583756447,0.5570914739370346,0.6081541003286839,
bert.encoder.layer.2.attention.output.dense,2,O,dac8bit,8,0.10002483315765857,0.11072598487138748,0.011890497328713535,6.45543149471283,0.9999629777669906,0.15752492628991605,0.4493632523715496,0.7579713168740273,0.09998628083616495,0.11231764987111091,
bert.encoder.layer.2.attention.self.query,2,Q,dac8bit,8,5.540780421142699e-09,0.19764036364853382,0.19764035917818545,27.680137395858765,0.9998289081454277,0.03964029276743531,0.19433482617139816,0.5287766388058662,4.238552548940788e-09,0.13921901647001506,
bert.encoder.layer.2.attention.self.value,2,V,dac8bit,8,4.887700129074801e-09,0.08013920322060585,0.0801391987130046,30.095099782943727,0.9998790416121482,0.04694520702585578,0.2520615254342556,0.6500681892037392,0.5570914739370346,0.5927106644213199,
bert.encoder.layer.3.attention.self.key,3,K,dac8bit,8,0.0,0.07977770406752825,0.07977770406752825,28.866270465850832,0.9998581144213676,0.04386994671076536,0.22572266191244125,0.5999090287089348,0.557091471850872,0.5924717915058136,
bert.encoder.layer.3.attention.output.dense,3,O,dac8bit,8,0.10001443155109882,0.1178166538104415,0.019780580746009947,10.727096128463746,0.9998862984776496,0.10410434193909168,0.3702211129665375,0.6928031778335572,0.10000430505722761,0.11917647957801819,
bert.encoder.layer.3.attention.self.query,3,Q,dac8bit,8,4.617316733401822e-09,0.053390917591750624,0.053390913233160975,18.048683338165283,0.9998769080638885,0.060623506102710965,0.25279719568789005,0.6176087570190429,6.357828823411182e-09,0.06625185322016477,
bert.encoder.layer.3.attention.self.value,3,V,dac8bit,8,0.0,0.0668940201215446,0.0668940201215446,25.41129846572876,0.9998817059397698,0.05314228480681777,0.26269296631217004,0.6519854894280434,0.557091471850872,0.5867674818634987,
bert.encoder.layer.4.attention.self.key,4,K,dac8bit,8,0.0,0.10757052004337311,0.10757052004337311,38.339205780029296,0.9998217695951461,0.03391238626092672,0.19583824299275876,0.560275311768055,0.557091471850872,0.6048394991457462,
bert.encoder.layer.4.attention.output.dense,4,O,dac8bit,8,0.09994549728929997,0.11502758502960204,0.01675685725174844,9.080089426040649,0.99991863489151,0.1197802909091115,0.39370446860790254,0.7120507085323333,0.0999625489488244,0.1155529135838151,
bert.encoder.layer.4.attention.self.query,4,Q,dac8bit,8,4.346072444150195e-09,0.06445606917142868,0.06445606511086226,22.199863605499267,0.9998607310652733,0.05149239486083388,0.23145845517516137,0.5921569222211838,1.0596381372351971e-08,0.056866872888058424,
bert.encoder.layer.4.attention.self.value,4,V,dac8bit,8,0.0,0.07055118130519986,0.07055118130519986,25.295700063705443,0.9998886632919312,0.0513830054178834,0.26588912844657897,0.659186455309391,0.557091471850872,0.5884063267707824,
bert.encoder.layer.5.attention.self.key,5,K,dac8bit,8,5.7108917417281195e-09,0.11381825547665357,0.11381825041025877,37.205490036010744,0.9998361593484879,0.034173158006742595,0.20056091241538523,0.5713874262571335,0.5570914739370346,0.6075884166359902,
bert.encoder.layer.5.attention.output.dense,5,O,dac8bit,8,0.10001402847468853,0.11453923977911472,0.01613937207031995,8.752798767089844,0.9999260646104813,0.12179155986756086,0.3936112631857395,0.7115532979369164,0.09999115288257598,0.11474618140608073,
bert.encoder.layer.5.attention.self.query,5,Q,dac8bit,8,0.0,0.10124445904046298,0.10124445904046298,27.564656496047974,0.9998498865962029,0.043833059016615154,0.22591884799301623,0.5898049798607826,1.0596381372351971e-08,0.08681370731443167,
bert.encoder.layer.5.attention.self.value,5,V,dac8bit,8,4.468371059829223e-09,0.0773447435349226,0.07734473943710327,24.620364665985107,0.9998996242880821,0.05184898566454649,0.27876108601689337,0.6740219837427139,0.5570914742350578,0.5914000268280506,
bert.encoder.layer.6.attention.self.key,6,K,dac8bit,8,5.7108917417281195e-09,0.11998132824897766,0.11998132321983576,42.88588048934937,0.9998088243603707,0.031165282763540744,0.1851846120506525,0.5382787424325943,0.5570914739370346,0.6103047305345535,
bert.encoder.layer.6.attention.output.dense,6,O,dac8bit,8,0.0999997753277421,0.11225954223424196,0.01362195692025125,7.389423143863678,0.9999497497081756,0.13993111476302147,0.4200926239788532,0.7333194917440414,0.09998952530324459,0.11191682066768407,
bert.encoder.layer.6.attention.self.query,6,Q,dac8bit,8,0.0,0.10310881461948157,0.10310881461948157,31.941935510635375,0.9998269021511078,0.039699092824012044,0.205774936825037,0.5689030489325524,0.0,0.08050446256995201,
bert.encoder.layer.6.attention.self.value,6,V,dac8bit,8,0.0,0.07189023450016975,0.07189023450016975,25.084116525650025,0.9998966878652573,0.051271094232797625,0.2732973104715347,0.6715890169143677,0.557091471850872,0.5889690142869949,
bert.encoder.layer.7.attention.self.key,7,K,dac8bit,8,0.0,0.16390022136270999,0.16390022136270999,59.59940784454346,0.9997852292656898,0.023611509213224052,0.16640743292868138,0.5185605579614639,0.557091471850872,0.6298251827061176,
bert.encoder.layer.7.attention.output.dense,7,O,dac8bit,8,0.1000266433879733,0.11103481322526931,0.012231664136052131,6.638653514385223,0.9999604564905167,0.1533530730754137,0.4407660372555256,0.7499278086423874,0.09999932464212179,0.11073325984179974,
bert.encoder.layer.7.attention.self.query,7,Q,dac8bit,8,4.811838039131544e-09,0.12697305850684643,0.1269730543345213,32.594415435791014,0.9998548346757888,0.03655906870961189,0.21815079778432847,0.5943580546975136,2.119276274470394e-09,0.09785131748765707,
bert.encoder.layer.7.attention.self.value,7,V,dac8bit,8,0.0,0.10067974656820297,0.10067974656820297,35.44004300117493,0.9998849219083786,0.038370788544416425,0.2499927355349064,0.6653256013989448,0.557091471850872,0.6017271992564202,
bert.encoder.layer.8.attention.self.key,8,K,dac8bit,8,5.507966989171109e-09,0.1314811509102583,0.1314811460673809,46.51933717727661,0.9998165196180344,0.02876726704649627,0.1853947254270315,0.5532340320944786,0.5570914739370346,0.6153876876831055,
bert.encoder.layer.8.attention.output.dense,8,O,dac8bit,8,0.09997232139110565,0.11044241946190596,0.01163308555725962,6.315183448791504,0.9999647843837738,0.1601019438356161,0.45108913496136666,0.7583041366934776,0.09997646424919367,0.11030619155615567,
bert.encoder.layer.8.attention.self.query,8,Q,dac8bit,8,4.755600286898698e-09,0.0992314724996686,0.09923146821558476,30.051092309951784,0.9998096278309823,0.04233408570289612,0.20782991237938403,0.5540415874123573,6.357828823411182e-09,0.07950131811201572,
bert.encoder.layer.8.attention.self.value,8,V,dac8bit,8,0.0,0.06946979774162174,0.06946979774162174,25.47221607208252,0.9998942202329636,0.051947698835283516,0.27134155109524727,0.6690525487065315,0.557091471850872,0.5878869150578976,
bert.encoder.layer.9.attention.self.key,9,K,dac8bit,8,0.0,0.14429774634540082,0.14429774634540082,49.15998212814331,0.9998425671458244,0.029112555468454957,0.20289610289037227,0.5948008343577385,0.557091471850872,0.6211619193851948,
bert.encoder.layer.9.attention.output.dense,9,O,dac8bit,8,0.10000381730496884,0.11000034015625715,0.011107293530367315,6.036399068832398,0.9999679851531983,0.1669336088001728,0.46340016573667525,0.7686593070626259,0.10000120654702187,0.11005585864186287,
bert.encoder.layer.9.attention.self.query,9,Q,dac8bit,8,0.0,0.062034137230366465,0.062034137230366465,20.15751408576965,0.9998766461014748,0.05784883495420218,0.2524615203589201,0.6116996440291405,0.0,0.05091556387022138,
bert.encoder.layer.9.attention.self.value,9,V,dac8bit,8,1.0680675472940493e-08,0.0860168742761016,0.08601686455309392,30.230862827301024,0.9998912236094475,0.0478142024949193,0.26495835959911346,0.6673304042220116,0.5570914763212204,0.5952928480505943,
bert.encoder.layer.10.attention.self.key,10,K,dac8bit,8,6.3953012841011515e-09,0.1525781662762165,0.15257816076278685,52.668241539001464,0.9998521846532822,0.02787728713825345,0.2068667182326317,0.6102976465225219,0.5570914739370346,0.6247440068423749,
bert.encoder.layer.10.attention.output.dense,10,O,dac8bit,8,0.10001026950776577,0.11023210711777211,0.011357724429108202,6.178137485980987,0.9999661552906036,0.16333602920174597,0.45418921872973445,0.7582549604773522,0.10001239858567715,0.11049985982477666,
bert.encoder.layer.10.attention.self.query,10,Q,dac8bit,8,6.182731908666028e-09,0.0701935462653637,0.07019354045391082,23.21044553756714,0.9998702302575111,0.049979085419327024,0.2377023157477379,0.6073901072144509,2.119276274470394e-09,0.07053550194948911,
bert.encoder.layer.10.attention.self.value,10,V,dac8bit,8,0.0,0.09818138498812914,0.09818138498812914,34.12950583457947,0.9998837447166443,0.042115110512822865,0.25548209451138976,0.6597616383433342,0.557091471850872,0.600629767626524,
bert.encoder.layer.11.attention.self.key,11,K,dac8bit,8,0.0,0.14122009322047233,0.14122009322047233,50.538759078979496,0.9998653167486191,0.0307540372107178,0.22276999399065972,0.6341179996728897,0.557091471850872,0.6198595418035984,
bert.encoder.layer.11.attention.output.dense,11,O,dac8bit,8,0.09999527465552091,0.11051853690296412,0.011692451788112521,6.3585218501091,0.9999647730588913,0.1581906459480524,0.43353250801563264,0.7312189123034477,0.10000722970813512,0.11074399806559086,
bert.encoder.layer.11.attention.self.query,11,Q,dac8bit,8,0.0,0.08521452240645885,0.08521452240645885,27.03401762008667,0.9998778998851776,0.0443284584581852,0.24256503023207188,0.629479493200779,2.119276274470394e-09,0.07791371963918209,
bert.encoder.layer.11.attention.self.value,11,V,dac8bit,8,9.543030046188506e-09,0.08779297340661288,0.08779296468943358,34.901389074325564,0.9998951315879822,0.04672516269609332,0.27542763859033587,0.6809228193759919,0.5570914763212204,0.5961239634454251,
bert.encoder.layer.0.attention.self.key,0,K,p99_scale,7,5.380509833230462e-09,,0.11034452323310083,23.34720230102539,0.9993670141810872,,,,,,0.010002829602789915
bert.encoder.layer.0.attention.output.dense,0,O,p99_scale,7,0.10001762874424458,,0.0225022871833791,6.113833262920379,0.9997501130003712,,,,,,0.010002829602789915
bert.encoder.layer.0.attention.self.query,0,Q,p99_scale,7,4.6502975692419565e-09,,0.07269525021340328,15.812497668266296,0.9993371563594404,,,,,,0.010002829602789915
bert.encoder.layer.0.attention.self.value,0,V,p99_scale,7,0.0,,0.09157096277847394,19.791952018737792,0.9994220214755827,,,,,,0.010002829602789915
bert.encoder.layer.1.attention.self.key,1,K,p99_scale,7,4.755600286898698e-09,,0.14589496842255428,29.92284016609192,0.9992482719211533,,,,,,0.010002829602789915
bert.encoder.layer.1.attention.output.dense,1,O,p99_scale,7,0.09995366934686899,,0.022549340086818553,6.127017977237702,0.9997677980178081,,,,,,0.010002829602789915
bert.encoder.layer.1.attention.self.query,1,Q,p99_scale,7,3.967347197431081e-09,,0.12094786832449862,23.3456915473938,0.9990989828129192,,,,,,0.010002829602789915
bert.encoder.layer.1.attention.self.value,1,V,p99_scale,7,4.5054787278786535e-09,,0.12794013954598493,26.2393016910553,0.9992605595631388,,,,,,0.010002829602789915
bert.encoder.layer.2.attention.self.key,2,K,p99_scale,7,9.381892880355736e-09,,0.181540595857432,33.7381001663208,0.9992986857046262,,,,,,0.010002829602789915
bert.encoder.layer.2.attention.output.dense,2,O,p99_scale,7,0.10002483315765857,,0.023781823079362458,6.461805257797241,0.9997625154801322,,,,,,0.010002829602789915
bert.encoder.layer.2.attention.self.query,2,Q,p99_scale,7,1.029685506637179e-08,,0.2421774827216756,27.703488178253174,0.9991380276566112,,,,,,0.010002829602789915
bert.encoder.layer.2.attention.self.value,2,V,p99_scale,7,4.704058369497943e-09,,0.14347835097145079,30.18717728614807,0.999453601863863,,,,,,0.010002829602789915
bert.encoder.layer.3.attention.self.key,3,K,p99_scale,7,4.351882694209053e-09,,0.14593563056511338,28.691860399246217,0.9993360079816848,,,,,,0.010002829602789915
bert.encoder.layer.3.attention.output.dense,3,O,p99_scale,7,0.10001443155109882,,0.03973951314194185,10.838575263023376,0.9993424388971164,,,,,,0.010002829602789915
bert.encoder.layer.3.attention.self.query,3,Q,p99_scale,7,4.873066359323275e-09,,0.09971209547490212,17.96498558998108,0.9993428982482186,,,,,,0.010002829602789915
bert.encoder.layer.3.attention.self.value,3,V,p99_scale,7,3.5153436783730286e-09,,0.12403432016895431,25.45748638153076,0.99945704699713,,,,,,0.010002829602789915
bert.encoder.layer.4.attention.self.key,4,K,p99_scale,7,5.545499561776524e-09,,0.1923777115130847,38.37253692626953,0.9991885562778596,,,,,,0.010002829602789915
bert.encoder.layer.4.attention.output.dense,4,O,p99_scale,7,0.09994549728929997,,0.033272077489112546,9.040894026756286,0.9995513288108686,,,,,,0.010002829602789915
bert.encoder.layer.4.attention.self.query,4,Q,p99_scale,7,5.142509280631202e-09,,0.12069550752658029,22.17309147834778,0.9992850200093341,,,,,,0.010002829602789915
bert.encoder.layer.4.attention.self.value,4,V,p99_scale,7,1.605434249540849e-08,,0.13119925602728824,25.21498028755188,0.9995330696045538,,,,,,0.010002829602789915
bert.encoder.layer.5.attention.self.key,5,K,p99_scale,7,5.126312316861003e-09,,0.19791941415049163,37.17755708694458,0.9992481570833778,,,,,,0.010002829602789915
bert.encoder.layer.5.attention.output.dense,5,O,p99_scale,7,0.10001402847468853,,0.032066661213591384,8.702019572257996,0.9996174753695939,,,,,,0.010002829602789915
bert.encoder.layer.5.attention.self.query,5,Q,p99_scale,7,0.0,,0.1671742257101262,26.835050764083864,0.999241496492395,,,,,,0.010002829602789915
bert.encoder.layer.5.attention.self.value,5,V,p99_scale,7,9.848519084698638e-09,,0.1403570226090031,24.518305253982543,0.9995809569569644,,,,,,0.010002829602789915
bert.encoder.layer.6.attention.self.key,6,K,p99_scale,7,5.384960104493075e-09,,0.20892578720206958,42.62129236221313,0.9991203426391742,,,,,,0.010002829602789915
bert.encoder.layer.6.attention.output.dense,6,O,p99_scale,7,0.0999997753277421,,0.026905272740901476,7.305282816886902,0.9997313944429541,,,,,,0.010002829602789915
bert.encoder.layer.6.attention.self.query,6,Q,p99_scale,7,5.7108917417281195e-09,,0.17575306773687563,31.34332640647888,0.9991123039948847,,,,,,0.010002829602789915
bert.encoder.layer.6.attention.self.value,6,V,p99_scale,7,1.6470481227770507e-08,,0.13415474020127646,25.078479490280152,0.9995753299059617,,,,,,0.010002829602789915
bert.encoder.layer.7.attention.self.key,7,K,p99_scale,7,0.0,,0.27156142875495026,60.28694799423218,0.999021467314413,,,,,,0.010002829602789915
bert.encoder.layer.7.attention.output.dense,7,O,p99_scale,7,0.1000266433879733,,0.02412000112671603,6.5531449842453,0.9997845643330405,,,,,,0.010002829602789915
bert.encoder.layer.7.attention.self.query,7,Q,p99_scale,7,0.0,,0.20551194144437135,32.158410987854005,0.9991986620021094,,,,,,0.010002829602789915
bert.encoder.layer.7.attention.self.value,7,V,p99_scale,7,0.0,,0.18210501700211545,35.597271003723144,0.9995310025245937,,,,,,0.010002829602789915
bert.encoder.layer.8.attention.self.key,8,K,p99_scale,7,5.536068670153327e-09,,0.2275357608064632,46.89759582519531,0.9991753499336697,,,,,,0.010002829602789915
bert.encoder.layer.8.attention.output.dense,8,O,p99_scale,7,0.09997232139110565,,0.022864618189199847,6.209213101863861,0.9998091396170115,,,,,,0.010002829602789915
bert.encoder.layer.8.attention.self.query,8,Q,p99_scale,7,0.0,,0.17508618479357987,30.877648458480834,0.998929137742859,,,,,,0.010002829602789915
bert.encoder.layer.8.attention.self.value,8,V,p99_scale,7,0.0,,0.13021755384972972,25.559766635894775,0.9995605158329138,,,,,,0.010002829602789915
bert.encoder.layer.9.attention.self.key,9,K,p99_scale,7,8.85155117202885e-09,,0.23913941584568582,49.56833625793457,0.9992867425759675,,,,,,0.010002829602789915
bert.encoder.layer.9.attention.output.dense,9,O,p99_scale,7,0.10000381730496884,,0.0218643517799671,5.9368481755256655,0.9998314181454709,,,,,,0.010002829602789915
bert.encoder.layer.9.attention.self.query,9,Q,p99_scale,7,5.7921857887777154e-09,,0.11547011597366527,20.37436932563782,0.9992916806003168,,,,,,0.010002829602789915
bert.encoder.layer.9.attention.self.value,9,V,p99_scale,7,0.0,,0.15257328678881732,29.856232347488405,0.9995494914064595,,,,,,0.010002829602789915
bert.encoder.layer.10.attention.self.key,10,K,p99_scale,7,0.0,,0.24126292671420643,50.80785085678101,0.9992925993025212,,,,,,0.010002829602789915
bert.encoder.layer.10.attention.output.dense,10,O,p99_scale,7,0.10001026440411806,,0.02366847571537383,6.422021663188934,0.9998180969635054,,,,,,0.010002829602789915
bert.encoder.layer.10.attention.self.query,10,Q,p99_scale,7,4.1653336779745585e-09,,0.14147581461647846,24.802853412628174,0.9992098012663391,,,,,,0.010002829602789915
bert.encoder.layer.10.attention.self.value,10,V,p99_scale,7,8.641885074212041e-09,,0.16932415317594732,33.40789795875549,0.9994589992393146,,,,,,0.010002829602789915
bert.encoder.layer.11.attention.self.key,11,K,p99_scale,7,0.0,,0.23532157428962883,51.334154758453366,0.9992756033117377,,,,,,0.010002829602789915
bert.encoder.layer.11.attention.output.dense,11,O,p99_scale,7,0.09999527465552091,,0.02369898653314972,6.434269702434539,0.9998121253991761,,,,,,0.010002829602789915
bert.encoder.layer.11.attention.self.query,11,Q,p99_scale,7,0.0,,0.17128464292035833,29.943647975921632,0.9992094567530124,,,,,,0.010002829602789915
bert.encoder.layer.11.attention.self.value,11,V,p99_scale,7,0.0,,0.15245112810506034,34.27700267791748,0.9993055759711601,,,,,,0.010002829602789915
