layer_idx,sublayer,extra_bit,from_bits,to_bits,marginal_gain
0,FFN1,1,4,5,0.07570761524884939
0,FFN1,2,5,6,0.13343281959274367
0,FFN1,3,6,7,0.16223672404527856
0,FFN1,4,7,8,0.14944253852784717
0,FFN1,5,8,9,0.12065911020510833
0,FFN1,6,9,10,0.09232445658646105
0,FFN1,7,10,11,0.06868789934845809
0,FFN1,8,11,12,0.05067576786326608
0,FFN2,1,4,5,0.11080368477091013
0,FFN2,2,5,6,0.05036938828491756
0,FFN2,3,6,7,0.023980902129681604
0,FFN2,4,7,8,0.01180877384128427
0,FFN2,5,8,9,0.005865213036470097
0,FFN2,6,9,10,0.0028889912790703138
0,FFN2,7,10,11,0.0014474608943077342
0,FFN2,8,11,12,0.0007064806091638728
0,K,1,4,5,0.23241432592272754
0,K,2,5,6,0.16327597435563806
0,K,3,6,7,0.09814697486348452
0,K,4,7,8,0.05444707477465271
0,K,5,8,9,0.028917921597894747
0,K,6,9,10,0.01479361664656608
0,K,7,10,11,0.007486918570084527
0,K,8,11,12,0.0037979815269636656
0,O,1,4,5,0.11187624113234808
0,O,2,5,6,0.050696814102514504
0,O,3,6,7,0.024080190438175556
0,O,4,7,8,0.011857033519659797
0,O,5,8,9,0.005913959965148332
0,O,6,9,10,0.0028708197046056843
0,O,7,10,11,0.0014452041061774575
0,O,8,11,12,0.0007309374440768756
0,Q,1,4,5,0.24942473210219834
0,Q,2,5,6,0.14396136706220455
0,Q,3,6,7,0.07463816212995227
0,Q,4,7,8,0.0373561778156877
0,Q,5,8,9,0.018716017963580817
0,Q,6,9,10,0.009243120664423943
0,Q,7,10,11,0.004615893843537112
0,Q,8,11,12,0.002314816959705566
0,V,1,4,5,0.23003190781098787
0,V,2,5,6,0.14650721819704154
0,V,3,6,7,0.08326006474262841
0,V,4,7,8,0.04473217932760076
0,V,5,8,9,0.023262275784244817
0,V,6,9,10,0.011964809338255378
0,V,7,10,11,0.005976455904111081
0,V,8,11,12,0.003037616595425944
1,FFN1,1,4,5,0.08693302319345841
1,FFN1,2,5,6,0.14772026281325312
1,FFN1,3,6,7,0.1688936302499614
1,FFN1,4,7,8,0.14993906006036006
1,FFN1,5,8,9,0.11916534428218706
1,FFN1,6,9,10,0.09007104396256721
1,FFN1,7,10,11,0.06625129356809836
1,FFN1,8,11,12,0.04817587263115254
1,FFN2,1,4,5,0.11232838847517854
1,FFN2,2,5,6,0.05124348168984497
1,FFN2,3,6,7,0.02443319501902573
1,FFN2,4,7,8,0.011984384242211633
1,FFN2,5,8,9,0.005915227450744215
1,FFN2,6,9,10,0.0029217016318182384
1,FFN2,7,10,11,0.001501274823282014
1,FFN2,8,11,12,0.0007555513794655474
1,K,1,4,5,0.22055802702903748
1,K,2,5,6,0.17057637125253672
1,K,3,6,7,0.11390484897419817
1,K,4,7,8,0.06927561554592102
1,K,5,8,9,0.039296906093950375
1,K,6,9,10,0.02146494065178559
1,K,7,10,11,0.011260876448577617
1,K,8,11,12,0.005739238157639192
1,O,1,4,5,0.1114241099516279
1,O,2,5,6,0.05089341987742615
1,O,3,6,7,0.024263719989804054
1,O,4,7,8,0.011786080720077618
1,O,5,8,9,0.005780850390464219
1,O,6,9,10,0.0028983243801391657
1,O,7,10,11,0.0014344437859023615
1,O,8,11,12,0.0007143899794550161
1,Q,1,4,5,0.2405750660433214
1,Q,2,5,6,0.1703472847095727
1,Q,3,6,7,0.10394175342762432
1,Q,4,7,8,0.0584912494557175
1,Q,5,8,9,0.031923283951584
1,Q,6,9,10,0.017019861471490406
1,Q,7,10,11,0.009136964588335074
1,Q,8,11,12,0.004825585523461424
1,V,1,4,5,0.22434467854858936
1,V,2,5,6,0.16065344685519148
1,V,3,6,7,0.10217114457394164
1,V,4,7,8,0.061196174989757934
1,V,5,8,9,0.03454607647758949
1,V,6,9,10,0.018935527860565703
1,V,7,10,11,0.009928152631538132
1,V,8,11,12,0.005044268127775378
2,FFN1,1,4,5,0.10651490059528201
2,FFN1,2,5,6,0.1671503820264314
2,FFN1,3,6,7,0.1749775352631917
2,FFN1,4,7,8,0.14791141812763658
2,FFN1,5,8,9,0.11365471465364446
2,FFN1,6,9,10,0.08370489157109653
2,FFN1,7,10,11,0.05914949748207776
2,FFN1,8,11,12,0.041383013142200456
2,FFN2,1,4,5,0.13310840242443145
2,FFN2,2,5,6,0.06205612579489002
2,FFN2,3,6,7,0.029783169533669846
2,FFN2,4,7,8,0.014467938604685999
2,FFN2,5,8,9,0.007122841564728695
2,FFN2,6,9,10,0.003540822998726647
2,FFN2,7,10,11,0.0018239831786500034
2,FFN2,8,11,12,0.0008684423263788184
2,K,1,4,5,0.20959109527140724
2,K,2,5,6,0.16386777417591286
2,K,3,6,7,0.11255189812448932
2,K,4,7,8,0.07149697239810991
2,K,5,8,9,0.04439645731704649
2,K,6,9,10,0.027703238022004986
2,K,7,10,11,0.017589205469543085
2,K,8,11,12,0.011254693063366145
2,O,1,4,5,0.117652376248681
2,O,2,5,6,0.053808572309059076
2,O,3,6,7,0.02562731748025704
2,O,4,7,8,0.012552750737454602
2,O,5,8,9,0.006174455602668299
2,O,6,9,10,0.003124879031303704
2,O,7,10,11,0.0015458911003204312
2,O,8,11,12,0.0007693866917915527
2,Q,1,4,5,0.2124070541886816
2,Q,2,5,6,0.14150318767051168
2,Q,3,6,7,0.08268894800576845
2,Q,4,7,8,0.0470473049897176
2,Q,5,8,9,0.02816032010571709
2,Q,6,9,10,0.019410664690714535
2,Q,7,10,11,0.016004474411638853
2,Q,8,11,12,0.01503290990558448
2,V,1,4,5,0.21554678006038558
2,V,2,5,6,0.16606581234929824
2,V,3,6,7,0.11046719898394988
2,V,4,7,8,0.0664822803165013
2,V,5,8,9,0.03791311119401924
2,V,6,9,10,0.02085445017048299
2,V,7,10,11,0.01135807574319241
2,V,8,11,12,0.006315553766867042
3,FFN1,1,4,5,0.11392082449041407
3,FFN1,2,5,6,0.17129707990449594
3,FFN1,3,6,7,0.17387062689548471
3,FFN1,4,7,8,0.14435800593841658
3,FFN1,5,8,9,0.10986493543678627
3,FFN1,6,9,10,0.07997567950710532
3,FFN1,7,10,11,0.05572795215889231
3,FFN1,8,11,12,0.03891513054304181
3,FFN2,1,4,5,0.120921502270987
3,FFN2,2,5,6,0.05545002011117447
3,FFN2,3,6,7,0.026440484231558974
3,FFN2,4,7,8,0.01290293489012234
3,FFN2,5,8,9,0.00640395831839913
3,FFN2,6,9,10,0.0031218212332958127
3,FFN2,7,10,11,0.00159786314218263
3,FFN2,8,11,12,0.0007933909811123048
3,K,1,4,5,0.22181002437876846
3,K,2,5,6,0.17218957042708005
3,K,3,6,7,0.1161235836594596
3,K,4,7,8,0.06962782527772034
3,K,5,8,9,0.03916941329562089
3,K,6,9,10,0.02090222191778669
3,K,7,10,11,0.01074933032106012
3,K,8,11,12,0.005542398889979749
3,O,1,4,5,0.17875047253944135
3,O,2,5,6,0.090205038827712
3,O,3,6,7,0.04446343174469421
3,O,4,7,8,0.021727142058623285
3,O,5,8,9,0.010709750889343587
3,O,6,9,10,0.005368937115035557
3,O,7,10,11,0.0026509128210715008
3,O,8,11,12,0.0013185148936978475
3,Q,1,4,5,0.23035729660936777
3,Q,2,5,6,0.15038897998265666
3,Q,3,6,7,0.0873119537342878
3,Q,4,7,8,0.04835689478254184
3,Q,5,8,9,0.025970428376903824
3,Q,6,9,10,0.013656106691543312
3,Q,7,10,11,0.007150085873394456
3,Q,8,11,12,0.0036813610099371333
3,V,1,4,5,0.21782299373298886
3,V,2,5,6,0.1593091655895114
3,V,3,6,7,0.1028049833048135
3,V,4,7,8,0.060691672840621325
3,V,5,8,9,0.033546281952876594
3,V,6,9,10,0.017846554163115796
3,V,7,10,11,0.009212147033758812
3,V,8,11,12,0.004698962362117526
4,FFN1,1,4,5,0.12747051736570936
4,FFN1,2,5,6,0.18013912730318116
4,FFN1,3,6,7,0.17425816147074036
4,FFN1,4,7,8,0.14012847049255267
4,FFN1,5,8,9,0.10443633260505275
4,FFN1,6,9,10,0.07454892335302157
4,FFN1,7,10,11,0.05130048829397618
4,FFN1,8,11,12,0.035481502035800666
4,FFN2,1,4,5,0.1181820369134974
4,FFN2,2,5,6,0.054421443481258054
4,FFN2,3,6,7,0.02612668493427737
4,FFN2,4,7,8,0.012599217428195756
4,FFN2,5,8,9,0.006205575621120932
4,FFN2,6,9,10,0.0030857261159484436
4,FFN2,7,10,11,0.0015785713515792572
4,FFN2,8,11,12,0.0007695201900540209
4,K,1,4,5,0.20894721508229896
4,K,2,5,6,0.17956348180890536
4,K,3,6,7,0.1329018011744224
4,K,4,7,8,0.08706300502576274
4,K,5,8,9,0.05162833953299143
4,K,6,9,10,0.028850910010249902
4,K,7,10,11,0.015116441462046246
4,K,8,11,12,0.007785561546241089
4,O,1,4,5,0.15753541790292125
4,O,2,5,6,0.07701019374111945
4,O,3,6,7,0.037417118355362315
4,O,4,7,8,0.018029193791709912
4,O,5,8,9,0.008950302568729902
4,O,6,9,10,0.004490913381923172
4,O,7,10,11,0.002231659350543365
4,O,8,11,12,0.0010963250809405641
4,Q,1,4,5,0.22882128803413992
4,Q,2,5,6,0.1651004254033421
4,Q,3,6,7,0.10457750405527438
4,Q,4,7,8,0.06046501795420535
4,Q,5,8,9,0.03302369908252749
4,Q,6,9,10,0.01721059223547941
4,Q,7,10,11,0.008852055220089756
4,Q,8,11,12,0.00440200070382945
4,V,1,4,5,0.21113875487106704
4,V,2,5,6,0.16023603294644786
4,V,3,6,7,0.10655784894223469
4,V,4,7,8,0.06402582115621377
4,V,5,8,9,0.03555902883757465
4,V,6,9,10,0.01893651475300329
4,V,7,10,11,0.009911610355129493
4,V,8,11,12,0.005216204166890938
5,FFN1,1,4,5,0.14128399485863175
5,FFN1,2,5,6,0.19113210908350908
5,FFN1,3,6,7,0.17619115277362896
5,FFN1,4,7,8,0.13651273507261708
5,FFN1,5,8,9,0.09825810197664955
5,FFN1,6,9,10,0.06774796317804563
5,FFN1,7,10,11,0.04537754380466667
5,FFN1,8,11,12,0.03066802357867604
5,FFN2,1,4,5,0.11587988277029472
5,FFN2,2,5,6,0.05309581694240369
5,FFN2,3,6,7,0.025329956552233256
5,FFN2,4,7,8,0.012254722485699353
5,FFN2,5,8,9,0.006110901347926328
5,FFN2,6,9,10,0.0030645452576015314
5,FFN2,7,10,11,0.0015036610497214844
5,FFN2,8,11,12,0.0007614381168558897
5,K,1,4,5,0.20365630420101588
5,K,2,5,6,0.1755790936566618
5,K,3,6,7,0.13265254163206705
5,K,4,7,8,0.08887025993323307
5,K,5,8,9,0.05446078126873305
5,K,6,9,10,0.031175677398174555
5,K,7,10,11,0.016826497306295388
5,K,8,11,12,0.00877633937812577
5,O,1,4,5,0.15562318051662816
5,O,2,5,6,0.07480628355067502
5,O,3,6,7,0.036201946360796815
5,O,4,7,8,0.01768905017482374
5,O,5,8,9,0.00879095505548821
5,O,6,9,10,0.004342176284217631
5,O,7,10,11,0.0021899577082896316
5,O,8,11,12,0.0010275824038573876
5,Q,1,4,5,0.20579022759711568
5,Q,2,5,6,0.15875623875630085
5,Q,3,6,7,0.1128815415378373
5,Q,4,7,8,0.0755298156198251
5,Q,5,8,9,0.048389108136005415
5,Q,6,9,10,0.029117799820604924
5,Q,7,10,11,0.016513556475362276
5,Q,8,11,12,0.008898973132790056
5,V,1,4,5,0.20044118587390986
5,V,2,5,6,0.15398808768245692
5,V,3,6,7,0.10682095436365299
5,V,4,7,8,0.06704816078840549
5,V,5,8,9,0.038743459019732286
5,V,6,9,10,0.021152429840150127
5,V,7,10,11,0.011034267675177957
5,V,8,11,12,0.0056552079921636
6,FFN1,1,4,5,0.137653808981399
6,FFN1,2,5,6,0.1918349695442092
6,FFN1,3,6,7,0.17978787453143463
6,FFN1,4,7,8,0.13976796515280937
6,FFN1,5,8,9,0.10022053527535382
6,FFN1,6,9,10,0.06905576694792118
6,FFN1,7,10,11,0.046295961504560626
6,FFN1,8,11,12,0.030960293560511304
6,FFN2,1,4,5,0.11227368851155795
6,FFN2,2,5,6,0.051382171413416756
6,FFN2,3,6,7,0.02448012405206208
6,FFN2,4,7,8,0.011945324952168164
6,FFN2,5,8,9,0.005902050981383412
6,FFN2,6,9,10,0.002934596099943488
6,FFN2,7,10,11,0.0014616010712699098
6,FFN2,8,11,12,0.0007283274644386782
6,K,1,4,5,0.2061106760017668
6,K,2,5,6,0.18242274775743306
6,K,3,6,7,0.13813629697807658
6,K,4,7,8,0.09229161895263507
6,K,5,8,9,0.05606466761563278
6,K,6,9,10,0.03135367468027402
6,K,7,10,11,0.01658295653917535
6,K,8,11,12,0.008686122730793784
6,O,1,4,5,0.13182653339697997
6,O,2,5,6,0.060706502416826055
6,O,3,6,7,0.02919896467690282
6,O,4,7,8,0.014141211402364838
6,O,5,8,9,0.0070795125359409345
6,O,6,9,10,0.003489548417353883
6,O,7,10,11,0.0017330119721332602
6,O,8,11,12,0.0008564674796787507
6,Q,1,4,5,0.21362025974733595
6,Q,2,5,6,0.16730725883790343
6,Q,3,6,7,0.11792330234507656
6,Q,4,7,8,0.07686493780558193
6,Q,5,8,9,0.04728602499383404
6,Q,6,9,10,0.026862232799418767
6,Q,7,10,11,0.014566487682090639
6,Q,8,11,12,0.007587802918658396
6,V,1,4,5,0.20794625323265792
6,V,2,5,6,0.15794393971562387
6,V,3,6,7,0.1061709927441552
6,V,4,7,8,0.06375767503981478
6,V,5,8,9,0.035585693202156106
6,V,6,9,10,0.019103622572438334
6,V,7,10,11,0.009871871934919911
6,V,8,11,12,0.0049719554679677445
7,FFN1,1,4,5,0.12577678101758483
7,FFN1,2,5,6,0.19152014255312255
7,FFN1,3,6,7,0.19265065804054526
7,FFN1,4,7,8,0.15335997433815052
7,FFN1,5,8,9,0.10934627808917849
7,FFN1,6,9,10,0.07385231422367688
7,FFN1,7,10,11,0.047631593911170944
7,FFN1,8,11,12,0.030328724873665218
7,FFN2,1,4,5,0.11041110823226867
7,FFN2,2,5,6,0.05046466037200435
7,FFN2,3,6,7,0.02408533769297361
7,FFN2,4,7,8,0.011780649802346693
7,FFN2,5,8,9,0.005772829055715185
7,FFN2,6,9,10,0.002880084468909994
7,FFN2,7,10,11,0.0014098572351028923
7,FFN2,8,11,12,0.0007183033932646862
7,K,1,4,5,0.183776178621313
7,K,2,5,6,0.17628300067182778
7,K,3,6,7,0.1479929868598291
7,K,4,7,8,0.10992604790714919
7,K,5,8,9,0.07273552210566904
7,K,6,9,10,0.044033815395036875
7,K,7,10,11,0.02454282121186169
7,K,8,11,12,0.0131621039651886
7,O,1,4,5,0.11947092399252107
7,O,2,5,6,0.054665720143005365
7,O,3,6,7,0.026051860101038535
7,O,4,7,8,0.012704493375968276
7,O,5,8,9,0.006309227798920628
7,O,6,9,10,0.0030861463360240204
7,O,7,10,11,0.001550651659402873
7,O,8,11,12,0.0007795209038037583
7,Q,1,4,5,0.19493496303398383
7,Q,2,5,6,0.15830312005256542
7,Q,3,6,7,0.11975316769644692
7,Q,4,7,8,0.085120192293335
7,Q,5,8,9,0.05584486930042787
7,Q,6,9,10,0.03389457829636287
7,Q,7,10,11,0.019048151768021656
7,Q,8,11,12,0.009992181302651356
7,V,1,4,5,0.19747592048507706
7,V,2,5,6,0.16884527153323325
7,V,3,6,7,0.12422555511397432
7,V,4,7,8,0.08003239062883914
7,V,5,8,9,0.047193246964477145
7,V,6,9,10,0.025939626697623574
7,V,7,10,11,0.013892234534499823
7,V,8,11,12,0.007159475769010124
8,FFN1,1,4,5,0.13350139935691363
8,FFN1,2,5,6,0.1968882120008668
8,FFN1,3,6,7,0.18991118594558637
8,FFN1,4,7,8,0.14921328058719513
8,FFN1,5,8,9,0.10654314321610667
8,FFN1,6,9,10,0.07242716678897734
8,FFN1,7,10,11,0.047672573047882846
8,FFN1,8,11,12,0.030615564891232454
8,FFN2,1,4,5,0.10974986915435696
8,FFN2,2,5,6,0.05013965227958413
8,FFN2,3,6,7,0.02394774747118309
8,FFN2,4,7,8,0.011764408061912448
8,FFN2,5,8,9,0.005814975354532438
8,FFN2,6,9,10,0.0028431972722898174
8,FFN2,7,10,11,0.0014263525026336887
8,FFN2,8,11,12,0.0007186270830825351
8,K,1,4,5,0.19817117280971286
8,K,2,5,6,0.17919685768435323
8,K,3,6,7,0.14059290144896566
8,K,4,7,8,0.09698579030787902
8,K,5,8,9,0.060030932885103735
8,K,6,9,10,0.0344140677191234
8,K,7,10,11,0.01846494360440708
8,K,8,11,12,0.009639054938803137
8,O,1,4,5,0.11269196324610431
8,O,2,5,6,0.05139317628323413
8,O,3,6,7,0.02461608572729246
8,O,4,7,8,0.012004533233943798
8,O,5,8,9,0.0059010581338282625
8,O,6,9,10,0.002917162370103507
8,O,7,10,11,0.0014624228810882567
8,O,8,11,12,0.0007514355641294061
8,Q,1,4,5,0.21924504459673105
8,Q,2,5,6,0.1651868241804476
8,Q,3,6,7,0.1135920774400164
8,Q,4,7,8,0.07357066452261196
8,Q,5,8,9,0.044350704830994465
8,Q,6,9,10,0.025498704628054192
8,Q,7,10,11,0.013728966462542989
8,Q,8,11,12,0.007104381243234292
8,V,1,4,5,0.2120137204229831
8,V,2,5,6,0.15732486737892032
8,V,3,6,7,0.10231841324828564
8,V,4,7,8,0.06089558894163931
8,V,5,8,9,0.033711479421763224
8,V,6,9,10,0.017907967530190944
8,V,7,10,11,0.00923249641031362
8,V,8,11,12,0.004701779347751651
9,FFN1,1,4,5,0.15566999325381337
9,FFN1,2,5,6,0.20848038890600695
9,FFN1,3,6,7,0.1874991276466466
9,FFN1,4,7,8,0.14176200928980398
9,FFN1,5,8,9,0.09884203874823097
9,FFN1,6,9,10,0.06602237145677835
9,FFN1,7,10,11,0.04271429271870676
9,FFN1,8,11,12,0.027144176489379702
9,FFN2,1,4,5,0.10921781083385602
9,FFN2,2,5,6,0.04971246300103734
9,FFN2,3,6,7,0.023593141388566902
9,FFN2,4,7,8,0.011725710240022532
9,FFN2,5,8,9,0.0057637410676333175
9,FFN2,6,9,10,0.0028525629294223966
9,FFN2,7,10,11,0.0014301256088812967
9,FFN2,8,11,12,0.00070268475132021
9,K,1,4,5,0.18417157921302385
9,K,2,5,6,0.16730054001108502
9,K,3,6,7,0.13591324195947146
9,K,4,7,8,0.0988302037378842
9,K,5,8,9,0.06552466418362092
9,K,6,9,10,0.04018850434565288
9,K,7,10,11,0.023240552438934477
9,K,8,11,12,0.012569887583044894
9,O,1,4,5,0.108249747006825
9,O,2,5,6,0.0492404340676069
9,O,3,6,7,0.023540318900318206
9,O,4,7,8,0.011482398481968165
9,O,5,8,9,0.005695053122004305
9,O,6,9,10,0.0028602231699336417
9,O,7,10,11,0.0014283761474289123
9,O,8,11,12,0.0007194575448690683
9,Q,1,4,5,0.21943195674568416
9,Q,2,5,6,0.15352566884830593
9,Q,3,6,7,0.09749870463274418
9,Q,4,7,8,0.0579911950917449
9,Q,5,8,9,0.03277367470087484
9,Q,6,9,10,0.01781464434068766
9,Q,7,10,11,0.009428046904686198
9,Q,8,11,12,0.0047590955934856535
9,V,1,4,5,0.2026537180643881
9,V,2,5,6,0.15885024007040205
9,V,3,6,7,0.11118011641356948
9,V,4,7,8,0.07110290763519345
9,V,5,8,9,0.04241788589695605
9,V,6,9,10,0.023628588774309244
9,V,7,10,11,0.012699285963892453
9,V,8,11,12,0.006691310771517511
10,FFN1,1,4,5,0.17778452281029766
10,FFN1,2,5,6,0.21868678813068743
10,FFN1,3,6,7,0.1845723064448393
10,FFN1,4,7,8,0.13322694341077548
10,FFN1,5,8,9,0.09005772445957849
10,FFN1,6,9,10,0.05820504679376519
10,FFN1,7,10,11,0.036485975400914875
10,FFN1,8,11,12,0.022561597969445416
10,FFN2,1,4,5,0.10862776426253125
10,FFN2,2,5,6,0.049549141731984866
10,FFN2,3,6,7,0.023679512159117202
10,FFN2,4,7,8,0.011566048446986377
10,FFN2,5,8,9,0.005697560048257665
10,FFN2,6,9,10,0.0027927505200864844
10,FFN2,7,10,11,0.0014409713523371433
10,FFN2,8,11,12,0.0007145816542693525
10,K,1,4,5,0.18348322771221903
10,K,2,5,6,0.16576359129942142
10,K,3,6,7,0.13345035727369767
10,K,4,7,8,0.09638633696698512
10,K,5,8,9,0.06364537753297865
10,K,6,9,10,0.03917161435077932
10,K,7,10,11,0.022604620391650832
10,K,8,11,12,0.012302099951459505
10,O,1,4,5,0.1173109171090275
10,O,2,5,6,0.053602746500379383
10,O,3,6,7,0.025345477439463502
10,O,4,7,8,0.012533346822213806
10,O,5,8,9,0.006116874841869993
10,O,6,9,10,0.0030431590755977886
10,O,7,10,11,0.0015309944710568517
10,O,8,11,12,0.0007585250893145937
10,Q,1,4,5,0.22198693962250265
10,Q,2,5,6,0.16464418038646847
10,Q,3,6,7,0.10832071093756762
10,Q,4,7,8,0.06540316657293617
10,Q,5,8,9,0.03620068747922293
10,Q,6,9,10,0.019028541852181155
10,Q,7,10,11,0.009667421319052426
10,Q,8,11,12,0.004861323768167378
10,V,1,4,5,0.19939379956376468
10,V,2,5,6,0.16082137562723908
10,V,3,6,7,0.11503580023771304
10,V,4,7,8,0.07414936603352339
10,V,5,8,9,0.044697341413653585
10,V,6,9,10,0.0253774658468971
10,V,7,10,11,0.013712304966524553
10,V,8,11,12,0.007128265694081454
11,FFN1,1,4,5,0.23464166459772873
11,FFN1,2,5,6,0.22679996550609682
11,FFN1,3,6,7,0.16222900939235513
11,FFN1,4,7,8,0.10377336622112146
11,FFN1,5,8,9,0.06355877962309807
11,FFN1,6,9,10,0.03727161310575433
11,FFN1,7,10,11,0.0211694173013007
11,FFN1,8,11,12,0.012072496333127368
11,FFN2,1,4,5,0.11854577797930926
11,FFN2,2,5,6,0.05557921030849902
11,FFN2,3,6,7,0.02730974653811384
11,FFN2,4,7,8,0.01300815969435883
11,FFN2,5,8,9,0.006274779765493686
11,FFN2,6,9,10,0.0030614090792854343
11,FFN2,7,10,11,0.0015154484669371538
11,FFN2,8,11,12,0.0007682426239648312
11,K,1,4,5,0.18156886351927348
11,K,2,5,6,0.16372154990462195
11,K,3,6,7,0.13177242073793463
11,K,4,7,8,0.09589550807607825
11,K,5,8,9,0.0636567441591646
11,K,6,9,10,0.038984214906466974
11,K,7,10,11,0.022638436299223588
11,K,8,11,12,0.012496650123441649
11,O,1,4,5,0.1172452983018728
11,O,2,5,6,0.05354784620380347
11,O,3,6,7,0.025418871038954235
11,O,4,7,8,0.012404208201746212
11,O,5,8,9,0.0061212721413968305
11,O,6,9,10,0.0030744081032260282
11,O,7,10,11,0.0015140174914273629
11,O,8,11,12,0.0007754513733421294
11,Q,1,4,5,0.20207442506483875
11,Q,2,5,6,0.16764173720336945
11,Q,3,6,7,0.12176507406858361
11,Q,4,7,8,0.0790489442134109
11,Q,5,8,9,0.04621381959790032
11,Q,6,9,10,0.025255619380039087
11,Q,7,10,11,0.013245784277647433
11,Q,8,11,12,0.006789092981361754
11,V,1,4,5,0.19863056622006325
11,V,2,5,6,0.15887651976462203
11,V,3,6,7,0.11185511672363968
11,V,4,7,8,0.07080492377648784
11,V,5,8,9,0.04202445318228233
11,V,6,9,10,0.02347218329579271
11,V,7,10,11,0.012859501680260422
11,V,8,11,12,0.006917584624022882
