layer_idx,sublayer,dw_zero_ratio,dw_1lsb_ratio,dw_absmean,min_nonzero_delta,grad_absmean,grad_deadzone_ratio,update_vs_grad_cosine,eff_lr_slope,x_absmax,x_p99,d_absmax,d_p99,BL_mean,BL_p99,BL_hit_ratio,dw_fast_zero_ratio,dw_fast_1lsb_ratio,dw_fast_absmean,dw_slow_zero_ratio,dw_slow_1lsb_ratio,dw_slow_absmean,dw_fast_vs_grad_cosine,dw_fast_eff_lr_slope,hidden_absmean,hidden_absmax,hidden_below1_ratio,hidden_trunc_nonzero_ratio,hidden_trunc_meanabs
0,FFN1,1.0,0.0,0.0,0.0,0.0002565466042142361,1.0,0.0,0.0,64.77462997436524,2.936342239379883,0.004627482034265995,1.9705913291545585e-05,1.0,1.0,0.0,0.12421875,0.09296875,0.027636078360956162,1.0,0.0,0.0,0.0006743405014276504,0.0,0.00047148194571491333,0.51310995221138,0.9942023383246529,0.0,0.0
0,FFN2,1.0,0.0,0.0,0.0,0.00021309371513780206,1.0,0.0,0.0,11.497218132019043,1.3594126224517822,0.0033172420226037502,0.0001207563211210072,1.0,1.0,0.0,0.13515625,0.076953125,0.03610364047344774,1.0,0.0,0.0,0.0009066162630915642,0.0,0.000353279197588563,0.5036078989505768,0.9956402248806423,0.0,0.0
0,K,1.0,0.0,0.0,0.0,0.00014429691073019056,1.0,0.0,0.0,12.348464012145996,1.5798757553100586,0.0007715278654359281,2.456836373312399e-05,1.0,1.0,0.0,0.140625,0.04140625,0.12437859652563929,1.0,0.0,0.0,0.005549044534564018,0.0,0.0010621774534229189,0.7791669547557831,0.9934549967447917,0.0,0.0
0,O,1.0,0.0,0.0,0.0,0.00041039257193915547,1.0,0.0,0.0,2.8502214908599854,0.7096887588500976,0.004208013042807579,0.00018218023178633301,1.0,1.0,0.0,0.0421875,0.090234375,0.11721455221995711,1.0,0.0,0.0,0.006995386769995093,0.0,0.0008821971219731495,0.7411588132381439,0.9935699462890625,0.0,0.0
0,Q,1.0,0.0,0.0,0.0,0.0001551409557578154,1.0,0.0,0.0,12.348464012145996,1.5798757553100586,0.0009444061084650457,2.501313247194048e-05,1.0,1.0,0.0,0.13515625,0.05,0.10968894608085974,1.0,0.0,0.0,-0.004750723391771317,0.0,0.0009181060886476189,0.7031506329774857,0.993546888563368,0.0,0.0
0,V,1.0,0.0,0.0,0.0,0.00034627259592525663,1.0,0.0,0.0,12.348464012145996,1.5798757553100586,0.0018681934336200357,4.818018132937141e-05,1.0,1.0,0.0,0.06171875,0.08359375,0.13766757743433117,1.0,0.0,0.0,-0.008152223750948906,0.0,0.0010745015752036124,0.7981710225343704,0.9934058295355903,0.0,0.0
1,FFN1,1.0,0.0,0.0,0.0,0.00024440349370706825,1.0,0.0,0.0,63.33053894042969,2.5084770202636717,0.004093860602006316,2.204123229603283e-05,1.0,1.0,0.0,0.1265625,0.10859375,0.028686463087797164,1.0,0.0,0.0,0.001366846077144146,0.0,0.0004994123883079737,0.8551832616329194,0.9941697862413195,0.0,0.0
1,FFN2,1.0,0.0,0.0,0.0,0.00023471713648177684,1.0,0.0,0.0,11.036565017700195,0.8696454167366028,0.003731331368908286,0.00014065146824577824,1.0,1.0,0.0,0.133203125,0.0734375,0.03913863047491759,1.0,0.0,0.0,-0.0203671723138541,0.0,0.00045885978179285305,0.6366364061832428,0.9954620361328125,0.0,0.0
1,K,1.0,0.0,0.0,0.0,0.00019775903783738613,1.0,0.0,0.0,9.747434997558594,1.6706292867660522,0.0025935205863788723,3.2330314206774345e-05,1.0,1.0,0.0,0.115625,0.0609375,0.09579110543709249,1.0,0.0,0.0,-0.011767095467075706,0.0,0.0009110982675338164,0.7601628601551056,0.993548583984375,0.0,0.0
1,O,1.0,0.0,0.0,0.0,0.0004401677462738007,1.0,0.0,0.0,3.3367573738098146,0.826925528049469,0.004411533335223794,0.00018806819571182132,1.0,1.0,0.0,0.040234375,0.08671875,0.09526008004322647,1.0,0.0,0.0,-0.03709043376147747,0.0,0.001047259675397072,0.845681220293045,0.993539767795139,0.0,0.0
1,Q,1.0,0.0,0.0,0.0,0.0002684423525352031,1.0,0.0,0.0,9.747434997558594,1.6706292867660522,0.00378458050545305,3.264584083808586e-05,1.0,1.0,0.0,0.1140625,0.05078125,0.083975605876185,1.0,0.0,0.0,-0.008498727157711983,0.0,0.0008641216496471316,0.7696649342775345,0.9935156928168404,0.0,0.0
1,V,1.0,0.0,0.0,0.0,0.0003854202979709953,1.0,0.0,0.0,9.747434997558594,1.6706292867660522,0.006575256213545799,4.768760773004033e-05,1.0,1.0,0.0,0.051953125,0.091015625,0.11231574397534132,1.0,0.0,0.0,-0.0185981348156929,0.0,0.0009389684943016619,0.7031506448984146,0.9935045030381945,0.0,0.0
2,FFN1,1.0,0.0,0.0,0.0,0.00024666583631187676,1.0,0.0,0.0,52.23850936889649,2.347199535369873,0.0028951285872608422,2.3536191292805597e-05,1.0,1.0,0.0,0.117578125,0.103125,0.032067088526673615,1.0,0.0,0.0,-0.01001369571313262,0.0,0.0005111082951771096,0.6271343648433685,0.994126722547743,0.0,0.0
2,FFN2,1.0,0.0,0.0,0.0,0.0002314329263754189,1.0,0.0,0.0,64.18538360595703,0.6115219473838807,0.006671071890741587,0.00015352616901509464,1.0,1.0,0.0,0.1328125,0.071484375,0.04297660150332376,1.0,0.0,0.0,0.016237232089042663,0.0,0.0004792509600520134,0.7221547544002533,0.9954087999131944,0.0,0.0
2,K,1.0,0.0,0.0,0.0,0.00017471736937295644,1.0,0.0,0.0,11.20422306060791,1.8014007568359376,0.0010968841146677733,2.7056721228291282e-05,1.0,1.0,0.0,0.121875,0.06015625,0.08666867911815643,1.0,0.0,0.0,0.01925948280841112,0.0,0.00081645239260979,0.7696649134159088,0.9936421712239584,0.0,0.0
2,O,1.0,0.0,0.0,0.0,0.0005242412851657718,1.0,0.0,0.0,3.255135154724121,1.0684462547302247,0.0044855628162622455,0.0001800617465050891,1.0,1.0,0.0,0.04609375,0.09140625,0.0811923039611429,1.0,0.0,0.0,0.008307758904993533,0.0,0.0010112054209457711,0.7126526981592178,0.9935350206163195,0.0,0.0
2,Q,1.0,0.0,0.0,0.0,0.0001913534157210961,1.0,0.0,0.0,11.20422306060791,1.8014007568359376,0.0013792738667689265,2.418605326965917e-05,1.0,1.0,0.0,0.1328125,0.05859375,0.07068602065555751,1.0,0.0,0.0,0.025582451745867728,0.0,0.000775307507137768,0.7791669636964798,0.9937103271484375,0.0,0.0
2,V,1.0,0.0,0.0,0.0,0.0004894421552307903,1.0,0.0,0.0,11.20422306060791,1.8014007568359376,0.0028404681477695705,6.0100121481809764e-05,1.0,1.0,0.0,0.059375,0.077734375,0.07594269714318216,1.0,0.0,0.0,0.03058037254959345,0.0,0.0007788194110617041,0.6746445685625077,0.993717787000868,0.0,0.0
3,FFN1,1.0,0.0,0.0,0.0,0.00027398854726925494,1.0,0.0,0.0,94.31477355957031,2.302949857711792,0.004388929018750787,2.4249805937870407e-05,1.0,1.0,0.0,0.11796875,0.09609375,0.032904085936024785,1.0,0.0,0.0,0.007900499925017356,0.0,0.0005133597951498814,0.7506608545780182,0.9941407945421007,0.0,0.0
3,FFN2,1.0,0.0,0.0,0.0,0.00022743902518413962,1.0,0.0,0.0,32.48885469436645,0.6545826315879821,0.004310610750690102,0.00015772029000800104,1.0,1.0,0.0,0.134765625,0.05703125,0.04431178376544267,1.0,0.0,0.0,-0.020678293239325286,0.0,0.00044680537102976815,0.5701221585273742,0.9954430474175346,0.0,0.0
3,K,1.0,0.0,0.0,0.0,0.00019884865905623884,1.0,0.0,0.0,14.899017715454102,1.7620707511901856,0.0013218776788562537,3.189011549693532e-05,1.0,1.0,0.0,0.1125,0.0671875,0.07617786787450313,1.0,0.0,0.0,0.0032583877444267275,0.0,0.0007717632834101096,0.674644547700882,0.9937093098958334,0.0,0.0
3,O,1.0,0.0,0.0,0.0,0.0005108393379487097,1.0,0.0,0.0,3.5950976848602294,0.9125716209411621,0.012468793150037526,0.0001935956854140386,1.0,1.0,0.0,0.040234375,0.098046875,0.0762154663912952,1.0,0.0,0.0,-0.0003525551990605891,0.0,0.0007390440325252712,0.7221547037363052,0.993760511610243,0.0,0.0
3,Q,1.0,0.0,0.0,0.0,0.00020757649326696992,1.0,0.0,0.0,14.899017715454102,1.7620707511901856,0.0015119560761377216,2.6712846374721266e-05,1.0,1.0,0.0,0.11484375,0.062109375,0.07912960306275636,1.0,0.0,0.0,0.0195476608350873,0.0,0.0008089612587355077,0.7031506568193435,0.9936482747395834,0.0,0.0
3,V,1.0,0.0,0.0,0.0,0.0005001092213205993,1.0,0.0,0.0,14.899017715454102,1.7620707511901856,0.002168387151323259,7.102951349224895e-05,1.0,1.0,0.0,0.049609375,0.088671875,0.08920978549867868,1.0,0.0,0.0,-0.043264886178076264,0.0,0.0009011907473905012,0.750660851597786,0.9936109754774305,0.0,0.0
4,FFN1,1.0,0.0,0.0,0.0,0.0003105565090663731,1.0,0.0,0.0,102.29459075927734,2.1791813373565674,0.003526067268103361,2.6038275245809926e-05,1.0,1.0,0.0,0.115625,0.106640625,0.02806863427395001,1.0,0.0,0.0,0.0357241207268089,0.0,0.000521144870435819,0.6841465651988983,0.9940924750434028,0.0,0.0
4,FFN2,1.0,0.0,0.0,0.0,0.00024744434049353006,1.0,0.0,0.0,17.751072120666503,0.643118393421173,0.005148750869557262,0.00017013372853398324,1.0,1.0,0.0,0.1328125,0.0609375,0.04696379954693839,1.0,0.0,0.0,0.027499723806977273,0.0,0.0004851068937568925,0.6366364151239395,0.9953920152452257,0.0,0.0
4,K,1.0,0.0,0.0,0.0,0.00021118985605426133,1.0,0.0,0.0,13.226911163330078,1.7607865571975707,0.0016092149075120688,3.665447293315083e-05,1.0,1.0,0.0,0.11875,0.06953125,0.062424102041404694,1.0,0.0,0.0,0.0002896247431635857,0.0,0.0007057931172312238,0.7221547156572342,0.9938178168402778,0.0,0.0
4,O,1.0,0.0,0.0,0.0,0.00048386669950559733,1.0,0.0,0.0,3.468056011199951,0.8640766263008117,0.010370052326470614,0.0002029853785643354,1.0,1.0,0.0,0.047265625,0.092578125,0.08961027120240032,1.0,0.0,0.0,0.01488630622625351,0.0,0.0009448327298741787,0.7696649372577667,0.9935828314887154,0.0,0.0
4,Q,1.0,0.0,0.0,0.0,0.00023396946489810943,1.0,0.0,0.0,13.226911163330078,1.7607865571975707,0.0016674645943567158,2.8276957891648635e-05,1.0,1.0,0.0,0.1140625,0.068359375,0.06781034797895699,1.0,0.0,0.0,0.0213455390650779,0.0,0.0007463418573024682,0.6936486154794693,0.9937127007378471,0.0,0.0
4,V,1.0,0.0,0.0,0.0,0.0003887025581207126,1.0,0.0,0.0,13.226911163330078,1.7607865571975707,0.002703558560460806,6.00850755290594e-05,1.0,1.0,0.0,0.074609375,0.08671875,0.09202068727463483,1.0,0.0,0.0,0.03977240771055222,0.0,0.0009039133496116847,0.7696649342775345,0.9936760796440971,0.0,0.0
5,FFN1,1.0,0.0,0.0,0.0,0.00031138804042711853,1.0,0.0,0.0,93.29222412109375,2.1499510288238524,0.004222123650833964,2.7997384677291848e-05,1.0,1.0,0.0,0.116796875,0.0953125,0.03375650664092973,1.0,0.0,0.0,0.004973066598176956,0.0,0.0005372829327825457,0.6841465771198273,0.994116465250651,0.0,0.0
5,FFN2,1.0,0.0,0.0,0.0,0.00026225651381537316,1.0,0.0,0.0,9.6184476852417,0.6209959864616394,0.004638660699129105,0.0001791643619071692,1.0,1.0,0.0,0.120703125,0.068359375,0.0527184531558305,1.0,0.0,0.0,-0.010117598250508309,0.0,0.0005842474158271216,0.7411588132381439,0.9953389485677084,0.0,0.0
5,K,1.0,0.0,0.0,0.0,0.00021132879192009568,1.0,0.0,0.0,14.673084831237793,1.773985505104065,0.0015009735245257616,3.669320467452053e-05,1.0,1.0,0.0,0.12109375,0.071484375,0.06255936191882938,1.0,0.0,0.0,0.0036563318222761153,0.0,0.0006704478582832962,0.6081303030252456,0.9938771565755209,0.0,0.0
5,O,1.0,0.0,0.0,0.0,0.00046713314368389546,1.0,0.0,0.0,3.6724016189575197,0.8907221913337707,0.009143220726400614,0.000223824821296148,1.0,1.0,0.0,0.06640625,0.079296875,0.08842181111685932,1.0,0.0,0.0,-0.010119808278977871,0.0,0.0008516525675076991,0.7696649104356765,0.9936730278862846,0.0,0.0
5,Q,1.0,0.0,0.0,0.0,0.00021045211178716272,1.0,0.0,0.0,14.673084831237793,1.773985505104065,0.001797906798310578,2.7051800498156808e-05,1.0,1.0,0.0,0.129296875,0.05859375,0.06687329255510122,1.0,0.0,0.0,0.009222760214470327,0.0,0.0006805327386246063,0.7316567808389663,0.9938100179036459,0.0,0.0
5,V,1.0,0.0,0.0,0.0,0.0004171535838395357,1.0,0.0,0.0,14.673084831237793,1.773985505104065,0.002678891085088253,6.89415421220474e-05,1.0,1.0,0.0,0.07421875,0.086328125,0.08369852036703378,1.0,0.0,0.0,-0.0037961378693580627,0.0,0.0007878248987253755,0.8076730668544769,0.9937964545355904,0.0,0.0
6,FFN1,1.0,0.0,0.0,0.0,0.0003928724559955299,1.0,0.0,0.0,92.17290344238282,2.1438279151916504,0.0040221989154815676,2.941208003903739e-05,1.0,1.0,0.0,0.1109375,0.095703125,0.03623944902792573,1.0,0.0,0.0,-0.05355689856223762,0.0,0.0005384147298173048,0.7506608545780182,0.99410400390625,0.0,0.0
6,FFN2,1.0,0.0,0.0,0.0,0.0003037298272829503,1.0,0.0,0.0,7.616647529602051,0.605046808719635,0.005038899276405573,0.00018814347859006376,1.0,1.0,0.0,0.112890625,0.066796875,0.06271114214323462,1.0,0.0,0.0,-0.04465018957853317,0.0,0.0006033820856828243,0.712652713060379,0.9952427334255642,0.0,0.0
6,K,1.0,0.0,0.0,0.0,0.0002229611069196835,1.0,0.0,0.0,15.598473167419433,1.8199868679046631,0.0015297968406230212,3.6325441033113745e-05,1.0,1.0,0.0,0.123046875,0.055859375,0.05894503688905388,1.0,0.0,0.0,-0.0011345019564032554,0.0,0.0006824819836765527,0.7411588221788407,0.9938340928819445,0.0,0.0
6,O,1.0,0.0,0.0,0.0,0.0005369214457459747,1.0,0.0,0.0,3.5652974128723143,0.8641485691070556,0.007962087541818619,0.000222477555507794,1.0,1.0,0.0,0.058984375,0.080078125,0.10662375725805759,1.0,0.0,0.0,-0.015924640372395514,0.0,0.0011949395353440194,0.8361791878938675,0.993458726671007,0.0,0.0
6,Q,1.0,0.0,0.0,0.0,0.0002289926924277097,1.0,0.0,0.0,15.598473167419433,1.8199868679046631,0.0023073056945577264,2.581663939054124e-05,1.0,1.0,0.0,0.1296875,0.06484375,0.0548684389796108,1.0,0.0,0.0,-0.0027524742996320128,0.0,0.0006612007040530443,0.7316567838191986,0.9938632541232639,0.0,0.0
6,V,1.0,0.0,0.0,0.0,0.0004983885504771024,1.0,0.0,0.0,15.598473167419433,1.8199868679046631,0.0028333055786788465,6.635684840148315e-05,1.0,1.0,0.0,0.075390625,0.08828125,0.07378902430646121,1.0,0.0,0.0,-0.016846076119691133,0.0,0.0008374758093850687,0.7981710374355316,0.9937245686848959,0.0,0.0
7,FFN1,1.0,0.0,0.0,0.0,0.00037458601873368024,1.0,0.0,0.0,91.69246215820313,2.1349196910858153,0.004779232665896416,2.7773224792326802e-05,1.0,1.0,0.0,0.117578125,0.093359375,0.03546696273842827,1.0,0.0,0.0,0.005566925299353898,0.0,0.0005390874081058428,0.7126527011394501,0.994090355767144,0.0,0.0
7,FFN2,1.0,0.0,0.0,0.0,0.0003464917186647654,1.0,0.0,0.0,7.858664035797119,0.6177735805511475,0.005890487506985664,0.0001851739565609023,1.0,1.0,0.0,0.11484375,0.053515625,0.07267920842859894,1.0,0.0,0.0,0.012039892608299851,0.0,0.0007186166942119599,0.7696649372577667,0.9951722039116753,0.0,0.0
7,K,1.0,0.0,0.0,0.0,0.00019336897239554673,1.0,0.0,0.0,16.179322052001954,1.8669913053512572,0.001869134441949427,3.086384967900813e-05,1.0,1.0,0.0,0.13046875,0.071875,0.047039408376440404,1.0,0.0,0.0,-0.03542773809749633,0.0,0.000609632782288827,0.5701221615076065,0.9939405653211806,0.0,0.0
7,O,1.0,0.0,0.0,0.0,0.0005272807611618191,1.0,0.0,0.0,3.252753400802612,0.868613600730896,0.006112850829958915,0.00021648960828315466,1.0,1.0,0.0,0.068359375,0.08046875,0.10580890839919448,1.0,0.0,0.0,0.011718398332595826,0.0,0.0011181112029589712,0.8266771137714386,0.9935262044270834,0.0,0.0
7,Q,1.0,0.0,0.0,0.0,0.00021833538194186984,1.0,0.0,0.0,16.179322052001954,1.8669913053512572,0.002259594714269042,1.932091254275292e-05,1.0,1.0,0.0,0.1484375,0.057421875,0.055989510624203834,1.0,0.0,0.0,-0.009814885072410106,0.0,0.0006496660207631066,0.5891262203454971,0.9938079833984375,0.0,0.0
7,V,1.0,0.0,0.0,0.0,0.0006063463515602052,1.0,0.0,0.0,16.179322052001954,1.8669913053512572,0.0028636070434004068,6.938898150110617e-05,1.0,1.0,0.0,0.07265625,0.092578125,0.0671439623925835,1.0,0.0,0.0,-0.036617855168879034,-502.12075595855714,0.0008089128969004378,0.7601628839969635,0.9937811957465279,0.0,0.0
8,FFN1,1.0,0.0,0.0,0.0,0.00037819553399458526,1.0,0.0,0.0,87.84958038330078,2.0944602489471436,0.005421148147433996,2.2576707124244422e-05,1.0,1.0,0.0,0.1203125,0.088671875,0.036093407589942214,1.0,0.0,0.0,-0.0029635224491357803,0.0,0.0005294294416671619,0.7126527011394501,0.994140370686849,0.0,0.0
8,FFN2,1.0,0.0,0.0,0.0,0.0003295043075922877,1.0,0.0,0.0,19.581144905090333,0.5980136513710022,0.005696964543312788,0.00015820777916815133,1.0,1.0,0.0,0.124609375,0.06171875,0.0868459239951335,1.0,0.0,0.0,-0.011271052062511444,0.0,0.0009558397345244884,0.845681220293045,0.9950976901584202,0.0,0.0
8,K,1.0,0.0,0.0,0.0,0.00024104076728690416,1.0,0.0,0.0,21.58436698913574,1.8495555162429809,0.0020102156326174737,4.0712721238378434e-05,1.0,1.0,0.0,0.123828125,0.0640625,0.05857468830654398,1.0,0.0,0.0,-0.046295643970370295,0.0,0.0006763280485756695,0.6936486184597015,0.9938737657335069,0.0,0.0
8,O,1.0,0.0,0.0,0.0,0.0005049233324825764,1.0,0.0,0.0,3.367981433868408,0.8642700552940369,0.00716434782370925,0.00020749207760673016,1.0,1.0,0.0,0.078515625,0.0796875,0.10528965445701033,1.0,0.0,0.0,-0.030704565765336155,0.0,0.0009195721795549616,0.6746445685625077,0.993634033203125,0.0,0.0
8,Q,1.0,0.0,0.0,0.0,0.00028773177764378487,1.0,0.0,0.0,21.58436698913574,1.8495555162429809,0.0035075476160272958,2.355024807911832e-05,1.0,1.0,0.0,0.120703125,0.06484375,0.05424763490445912,1.0,0.0,0.0,-0.024664958566427232,0.0,0.000620797002920881,0.6271343499422073,0.9938897026909721,0.0,0.0
8,V,1.0,0.0,0.0,0.0,0.0005180639796890319,1.0,0.0,0.0,21.58436698913574,1.8495555162429809,0.0035206342581659555,6.359291728585958e-05,1.0,1.0,0.0,0.088671875,0.0828125,0.09068081341683865,1.0,0.0,0.0,-0.03458871357142925,0.0,0.0009866057138424368,0.7791669636964798,0.9935980902777779,0.0,0.0
9,FFN1,1.0,0.0,0.0,0.0,0.00033522274461574855,1.0,0.0,0.0,55.84191360473633,2.068453574180603,0.005952959880232811,1.5080000775924417e-05,1.0,1.0,0.0,0.128125,0.081640625,0.041796420176979154,1.0,0.0,0.0,-0.0005048058927059173,0.0,0.0005949930637143552,0.7601628839969635,0.9939759148491752,0.0,0.0
9,FFN2,1.0,0.0,0.0,0.0,0.0003451905271504074,1.0,0.0,0.0,88.0377700805664,0.49186734557151796,0.007070340681821108,0.00011070425825892017,1.0,1.0,0.0,0.144140625,0.0546875,0.10716183169279248,1.0,0.0,0.0,0.025818967260420322,0.0,0.0011202861569472589,0.845681220293045,0.9950559828016493,0.0,0.0
9,K,1.0,0.0,0.0,0.0,0.00028348509222269057,1.0,0.0,0.0,26.827806854248045,1.8799511671066285,0.002079417882487178,4.4780486496165396e-05,1.0,1.0,0.0,0.13125,0.065625,0.06941806429531425,1.0,0.0,0.0,-0.019422668730840087,0.0,0.0007548640583991073,0.8266771495342254,0.9938062879774305,0.0,0.0
9,O,1.0,0.0,0.0,0.0,0.0006673704483546317,1.0,0.0,0.0,3.1811986923217774,0.8226820468902588,0.0073351869359612465,0.00012428584741428495,1.0,1.0,0.0,0.077734375,0.078125,0.15582150290720165,1.0,0.0,0.0,-0.009237630851566791,0.0,0.0016494009527377785,0.8361791878938675,0.9933264838324654,0.0,0.0
9,Q,1.0,0.0,0.0,0.0,0.0003048161306651309,1.0,0.0,0.0,26.827806854248045,1.8799511671066285,0.0025082873413339256,1.9279668777016923e-05,1.0,1.0,0.0,0.134765625,0.063671875,0.06874325058888645,1.0,0.0,0.0,-0.01066982839256525,0.0,0.0007093855558196083,0.7506608426570892,0.9938012017144097,0.0,0.0
9,V,1.0,0.0,0.0,0.0,0.0005967189790681005,1.0,0.0,0.0,26.827806854248045,1.8799511671066285,0.003127331007272005,7.44341770769097e-05,1.0,1.0,0.0,0.08359375,0.087890625,0.09277736367657781,1.0,0.0,0.0,0.014923085924237967,0.0,0.0009161406342172995,0.7601628959178924,0.993634033203125,0.0,0.0
10,FFN1,1.0,0.0,0.0,0.0,0.00034447714569978415,1.0,0.0,0.0,50.09089126586914,2.0567517042160035,0.006338022835552693,1.0419955106044654e-05,1.0,1.0,0.0,0.130078125,0.0796875,0.04151691785082221,1.0,0.0,0.0,-0.014694495685398578,0.0,0.0006032373086782173,0.7506608545780182,0.9940372890896267,0.0,0.0
10,FFN2,1.0,0.0,0.0,0.0,0.00029416329925879836,1.0,0.0,0.0,137.1751251220703,0.4976244032382965,0.007396616879850626,7.155903149396181e-05,1.0,1.0,0.0,0.174609375,0.055078125,0.13086906189564615,1.0,0.0,0.0,0.013034997694194316,0.0,0.0015033729723654687,0.845681220293045,0.9951330396864149,0.0,0.0
10,K,1.0,0.0,0.0,0.0,0.0002462453325279057,1.0,0.0,0.0,27.795927429199217,1.8603524923324586,0.0023873190861195327,3.473205506452359e-05,1.0,1.0,0.0,0.138671875,0.0578125,0.06786610590061173,1.0,0.0,0.0,-0.021687205880880356,0.0,0.0007166833645896986,0.6651425063610077,0.9937767876519097,0.0,0.0
10,O,1.0,0.0,0.0,0.0,0.0005659152171574533,1.0,0.0,0.0,3.152228832244873,0.7583943009376526,0.008947688154876232,7.929686980787665e-05,1.0,1.0,0.0,0.109765625,0.07109375,0.1544989059213549,1.0,0.0,0.0,0.018861835449934007,0.0,0.0015465230506379157,0.845681220293045,0.9934502495659722,0.0,0.0
10,Q,1.0,0.0,0.0,0.0,0.00028288523899391296,1.0,0.0,0.0,27.795927429199217,1.8603524923324586,0.002948379749432206,1.0348303658247459e-05,1.0,1.0,0.0,0.153125,0.0515625,0.07417459037387744,1.0,0.0,0.0,0.019109408650547267,0.0,0.0007810426206560806,0.7791669517755508,0.9938028971354166,0.0,0.0
10,V,1.0,0.0,0.0,0.0,0.0005060919502284378,1.0,0.0,0.0,27.795927429199217,1.8603524923324586,0.0028981866780668497,0.00010317050473531708,1.0,1.0,0.0,0.092578125,0.0703125,0.0951839310117066,1.0,0.0,0.0,-0.02290542796254158,0.0,0.00090876236645272,0.7601629048585892,0.9936957465277778,0.0,0.0
11,FFN1,1.0,0.0,0.0,0.0,0.0004384142521303147,1.0,0.0,0.0,41.69355850219726,1.9111560821533202,0.005238004494458437,7.213412209239322e-06,1.0,1.0,0.0,0.137109375,0.097265625,0.047161791124381125,1.0,0.0,0.0,0.015044359862804413,0.0,0.0007026194653008133,0.779166966676712,0.99405517578125,0.0,0.0
11,FFN2,1.0,0.0,0.0,0.0,0.0003362025367096066,1.0,0.0,0.0,9.423143196105958,0.5549724757671356,0.006822012085467577,1.7591635696589947e-05,1.0,1.0,0.0,0.275390625,0.051171875,0.16868075397796928,1.0,0.0,0.0,0.018894199375063182,0.0,0.0018833496593288145,0.845681220293045,0.9953804863823784,0.0,0.0
11,K,1.0,0.0,0.0,0.0,0.00023864981776569038,1.0,0.0,0.0,32.265066146850586,1.8405481100082397,0.001825294829905033,3.1065654911799354e-05,1.0,1.0,0.0,0.13515625,0.0703125,0.059769343095831574,1.0,0.0,0.0,0.00497066592797637,0.0,0.0006596380626433529,0.6651425272226333,0.9938730875651041,0.0,0.0
11,O,1.0,0.0,0.0,0.0,0.0004446324019227177,1.0,0.0,0.0,4.3727153778076175,0.7573876976966858,0.008227992337197065,7.949355494929478e-05,1.0,1.0,0.0,0.13984375,0.054296875,0.17370945339789615,1.0,0.0,0.0,0.036137394863180815,0.0,0.0013562645399360918,0.7316567808389663,0.9936774359809029,0.0,0.0
11,Q,1.0,0.0,0.0,0.0,0.00024973058607429265,1.0,0.0,0.0,32.265066146850586,1.8405481100082397,0.0029766050865873694,3.1834606488700956e-06,1.0,1.0,0.0,0.161328125,0.047265625,0.07239008182659745,1.0,0.0,0.0,-0.0060955403372645375,0.0,0.0009212314733304083,0.7506608545780182,0.99371337890625,0.0,0.0
11,V,1.0,0.0,0.0,0.0,0.00043864077306352554,1.0,0.0,0.0,32.265066146850586,1.8405481100082397,0.0033831389155238867,0.00011950542102567852,1.0,1.0,0.0,0.120703125,0.0734375,0.08899759198538959,1.0,0.0,0.0,-0.006505577266216278,0.0,0.0008354620455065742,0.7031506717205047,0.9937357584635416,0.0,0.0
