trial,learning_rate,transfer_lr,transfer_every,fast_lr,auto_granularity,in_chop_prob,initial_accuracy,final_accuracy,improvement,initial_loss,final_loss,status
0,0.0013292918943162175,1.9063571821788408,24,0.6387926357773329,184.10729205738687,0.015599452033620266,0.4908256880733945,0.573394495412844,0.08256880733944955,2309135.5550458715,0.702018017615747,completed
1,0.00014936568554617635,1.745734676972377,12,0.737265320016441,108.3858126934475,0.09699098521619944,0.4908256880733945,0.5630733944954128,0.07224770642201833,2315573.0871559633,0.6962494265048875,completed
2,0.03142880890840111,0.5034443102887247,1,0.2650640588680905,328.774741399112,0.052475643163223784,0.4908256880733945,0.4919724770642202,0.001146788990825709,2314330.9747706424,4.789967556065376,completed
3,0.0019762189340280074,0.6533353663762795,13,0.22554447458683766,313.57757322577464,0.03663618432936917,0.4908256880733945,0.5091743119266054,0.018348623853210955,2325752.3348623854,0.7286307461764834,completed
4,0.0023345864076016252,1.5918343266467259,1,0.5628109945722505,1015.0667045928578,0.0046450412719997725,0.4908256880733945,0.47706422018348627,-0.01376146788990823,2305066.9334862386,0.7945768576149547,completed
5,0.006647135865318031,0.4239958350058539,1,0.9539969835279999,4370.990468130504,0.08083973481164612,0.4908256880733945,,,2320028.839449541,,pruned
6,0.0008200518402245837,0.2855770166121293,19,0.4961372443656412,161.19044727609193,0.04951769101112702,0.4908256880733945,0.569954128440367,0.07912844036697247,2318205.2339449544,0.6985105112058307,completed
7,0.00012681352169084607,1.8277087639496858,2,0.6962700559185838,338.52267834519796,0.05200680211778108,0.4908256880733945,,,2307965.646788991,,pruned
8,0.004366473592979638,0.45122346549850134,86,0.7976195410250031,3946.2129807590973,0.08948273504276488,0.4908256880733945,0.555045871559633,0.06422018348623854,2317302.8027522936,0.7112605183496388,completed
9,0.00621870472776908,1.851561046543922,1,0.27638457617723067,119.35477742481388,0.032533033076326434,0.4908256880733945,,,2320400.527522936,,pruned
10,0.06845570267272912,1.161816706689188,64,0.44147800190471176,1223.182237474657,0.00387251999611829,0.4908256880733945,,,2316041.4449541285,,pruned
11,0.0005838891112221526,0.9583670288401019,27,0.5160137317835295,194.6744335769055,0.022960433792517124,0.4908256880733945,0.5997706422018348,0.10894495412844035,2302490.0412844038,0.6549219494565911,completed
12,0.00044012212193138316,1.117686101667431,34,0.5876347747627798,234.03650467262403,0.02003232891817793,0.4908256880733945,0.6364678899082569,0.14564220183486237,2323121.669724771,0.6495587382841548,completed
13,0.00044412796733158956,1.0826414771403958,39,0.39262828053913335,625.627899761128,0.025727443663154114,0.4908256880733945,0.625,0.1341743119266055,2323540.5229357798,0.6525049586908533,completed
14,0.00033515082309495633,1.267971923112849,6,0.3701835379988017,559.636627801466,0.020644118967791603,0.4908256880733945,0.5619266055045872,0.07110091743119268,2322721.3211009176,0.6891799273840878,completed
15,0.00039226321319317796,0.8555186582397103,43,0.38330408599254506,597.9356987759406,0.06855046081289344,0.4908256880733945,,,2320753.4380733944,,pruned
16,0.0002845592723392244,1.400770348188235,6,0.10607582451991626,2095.601431214805,0.036618690585072604,0.4908256880733945,,,2316756.8211009176,,pruned
17,0.012411627838706751,0.8106459024671269,39,0.8619728764376571,937.0710030509358,0.013878997913092581,0.4908256880733945,,,2323714.857798165,,pruned
18,0.0009904827988002774,1.4786930669803353,3,0.600393204848777,454.3542558790357,0.027749082222596415,0.4908256880733945,,,2323212.247706422,,pruned
19,0.00010332855569626081,1.096232361154382,93,0.3984495579800595,1681.7284620162136,0.06298917797852033,0.4908256880733945,0.5607798165137615,0.06995412844036702,2308756.743119266,0.8661516407214174,completed
20,0.0002173045012033576,0.1517161501432739,47,0.16273992228003398,238.6490945413122,0.04304520829036107,0.4908256880733945,,,2321055.9266055045,,pruned
21,0.0005728971105265551,0.9235854102324924,24,0.4752939465031326,208.78418561324733,0.023574592003857597,0.4908256880733945,0.5986238532110092,0.1077981651376147,2326652.9472477064,0.6707076873254338,completed
22,0.0007089861362716455,1.0223913244686003,30,0.527253742005894,424.67767806653893,0.011082423302816446,0.4908256880733945,0.6009174311926605,0.110091743119266,2324173.380733945,0.6496272294893177,completed
23,0.0016370558193213806,1.2031187284793496,14,0.6395826566038173,441.25751307183435,0.00895510992948566,0.4908256880733945,,,2312217.633027523,,pruned
24,0.00045164594450094244,0.6827358055394228,8,0.34425538310692094,844.9693215610672,0.01114306447727025,0.4908256880733945,,,2309441.2752293576,,pruned
25,0.00021357290100919833,1.2938805734796464,34,0.5806585381583842,643.3671817072299,0.017963331588427132,0.4908256880733945,0.5951834862385321,0.10435779816513763,2316165.0458715595,0.6704546038163911,completed
26,0.0009085817036149884,1.0288024037000132,56,0.4433806976489988,276.98323250391354,0.002204313964619283,0.4908256880733945,,,2321292.387614679,,pruned
27,0.002940788059365836,0.7314703102790077,9,0.7028047573342656,441.4110269059618,0.027277416070768685,0.4908256880733945,,,2325420.169724771,,pruned
28,0.000768251742636843,1.4238277812327778,18,0.31067996567763106,156.73367456228115,0.042502540261521324,0.4908256880733945,0.5676605504587156,0.07683486238532106,2324986.871559633,0.6887955386704261,completed
29,0.0014227536278242894,1.9951926741138495,27,0.6426405042877926,396.8018678975164,0.015904146591175373,0.4908256880733945,,,2318971.621559633,,pruned
30,0.00019934491335113068,1.0364073766505364,73,0.5119251141031422,716.4276791272255,0.03181729038976727,0.4908256880733945,0.5871559633027523,0.09633027522935783,2308589.788990826,0.6895736800421268,completed
31,0.0005706668335642761,0.9824572547978077,33,0.4344011221841979,190.44833434548485,0.0211967992078415,0.4908256880733945,0.6330275229357798,0.1422018348623853,2308189.5779816513,0.6506332191852254,completed
32,0.0012032750637402641,1.086322811617586,32,0.43579964646391645,124.67800886114415,0.01038740793819812,0.4908256880733945,,,2316156.981651376,,pruned
33,0.0004768034617733824,1.3201068434517609,18,0.5302559615052965,247.78822152200522,0.00033089747815725004,0.4908256880733945,,,2323297.2981651374,,pruned
34,0.00030808564205470323,1.5759651855257464,58,0.2207254962470293,168.40335554217097,0.018807273752217107,0.4908256880733945,,,2318395.756880734,,pruned
35,0.00016574501996206978,0.6088793180719758,10,0.6028559206328794,338.2288471634014,0.026946286246570045,0.4908256880733945,,,2308593.027522936,,pruned
36,0.0006379425718956064,0.8762068143222389,20,0.7554914463398674,530.7200071870018,0.00846882942519579,0.4908256880733945,0.6181192660550459,0.12729357798165136,2316380.5045871558,0.6489197491505824,completed
37,0.013699155313810342,0.8325685177762363,22,0.7805134551957069,1198.6889418963772,0.03737345375556175,0.4908256880733945,,,2331370.472477064,,pruned
38,0.002134561973970938,0.5947404560166214,14,0.9075936544184504,105.34023961392685,0.005291168760280553,0.4908256880733945,,,2331195.0321100918,,pruned
39,0.0012048441099193922,1.152248176680882,45,0.8059897738236915,136.93845089245147,0.060024116475138604,0.4908256880733945,0.6020642201834863,0.11123853211009177,2330178.623853211,0.6578452379331676,completed
40,0.003817522152447598,0.9059751480848346,12,0.6966930729961041,289.7646649375175,0.04760495123444289,0.4908256880733945,,,2313219.752293578,,pruned
41,0.0013876716410572527,1.1692112143614044,44,0.9877361907283746,219.51489555978767,0.05793283240907278,0.4908256880733945,0.6444954128440367,0.15366972477064217,2325498.9954128442,0.6323069246537095,completed
42,0.0006452814510828828,1.212315676555936,51,0.9995800741786879,191.20312604768841,0.07606299613850967,0.4908256880733945,0.6571100917431193,0.1662844036697248,2307520.0940366974,0.626193861895745,completed
43,0.0002648182977184566,1.2023370722032631,70,0.9750608812867094,200.22518348202195,0.07973190856288474,0.4908256880733945,0.6043577981651376,0.11353211009174308,2289127.628440367,0.6534100842038426,completed
44,0.00043941151291835553,1.529973721231554,100,0.9269567030901298,150.36896754443936,0.09841318447822041,0.4908256880733945,0.6502293577981652,0.15940366972477066,2313703.7339449544,0.6245666583743664,completed
45,0.0016315527777738155,1.5965001815526418,88,0.9372143078710304,136.45857007027175,0.0930595224777406,0.4908256880733945,0.5940366972477065,0.10321100917431197,2319367.410550459,0.6575330632542251,completed
46,0.0009611415792049891,1.692023543842721,55,0.9950086969853712,232.52324025904292,0.09919564653632487,0.4908256880733945,,,2331591.626146789,,pruned
47,0.0024203826689667344,1.4921536103008233,75,0.8705002212737296,159.44580301353074,0.07786203576797723,0.4908256880733945,,,2327310.0711009176,,pruned
48,0.0003710151386542987,1.3621885301255146,100,0.9255325525396981,107.08904025628765,0.07057770184270386,0.4908256880733945,0.7052752293577982,0.2144495412844037,2325970.0733944955,0.5598975469213013,completed
49,0.000358642486363519,1.3776690579036,93,0.847636056390934,101.37878134108317,0.073247576454676,0.4908256880733945,0.6502293577981652,0.15940366972477066,2316721.4036697247,0.6138318170101271,completed
